日付,始値,高値,安値,終値
2007/04/02,231.9,233.12,231.25,233.07
2007/04/03,233.07,235.13,232.87,234.83
2007/04/04,234.83,234.92,234.09,234.5
2007/04/05,234.5,234.82,233.55,233.94
2007/04/06,233.94,234.64,233.82,234.39
2007/04/09,234.4,234.56,233.77,234.19
2007/04/10,234.19,235.38,233.68,234.87
2007/04/11,234.88,236.31,234.62,235.76
2007/04/12,235.76,236.13,235.19,235.89
2007/04/13,235.86,237,234.78,236.86
2007/04/16,236.84,238.6,236.43,238.24
2007/04/17,238.24,239.44,237.18,238.63
2007/04/18,238.63,238.97,236.81,238.39
2007/04/19,238.39,238.39,235.24,237.35
2007/04/20,237.36,238.34,236.91,237.63
2007/04/23,237.65,238.34,236.36,237.37
2007/04/24,237.37,238.01,236,237.39
2007/04/25,237.39,237.99,236.91,237.66
2007/04/26,237.66,238.76,237.31,238.09
2007/04/27,238.09,239.42,237.37,238.96
2007/04/30,238.94,239.05,237.89,238.99
2007/05/01,238.96,239.77,238.62,239.51
2007/05/02,239.56,239.6,238.65,239.11
2007/05/03,239.08,239.56,238.94,239.26
2007/05/04,239.25,239.56,238.78,239.38
2007/05/07,239.38,239.63,239.15,239.38
2007/05/08,239.34,239.43,238.21,238.79
2007/05/09,238.79,239.54,238.06,239.43
2007/05/10,239.44,239.78,237.21,237.38
2007/05/11,237.42,238.45,236.53,238.14
2007/05/14,238.14,238.69,237.92,238.2
2007/05/15,238.23,239.03,237.76,238.84
2007/05/16,238.84,239.4,238.59,238.86
2007/05/17,238.87,239.63,238.63,239.55
2007/05/18,239.56,239.9,237.84,239.16
2007/05/21,239.15,239.61,239.03,239.46
2007/05/22,239.46,240.21,239.12,240.04
2007/05/23,240.04,241.88,239.92,241.7
2007/05/24,241.66,241.66,240.74,240.94
2007/05/25,240.89,241.81,239.7,241.56
2007/05/28,241.53,241.67,241.19,241.44
2007/05/29,241.44,241.54,240.54,241.02
2007/05/30,241.04,241.14,239.77,240.37
2007/05/31,240.37,241.19,239.91,241
2007/06/01,240.96,242.03,240.88,241.93
2007/06/04,241.89,242.66,241.67,242.5
2007/06/05,242.5,243,241.56,242
2007/06/06,241.98,242.28,240.94,241.26
2007/06/07,241.26,242.13,238.95,239.31
2007/06/08,239.31,240.14,237.69,239.58
2007/06/11,239.37,239.99,238.96,239.7
2007/06/12,239.69,240.87,239.56,240.27
2007/06/13,240.26,242.24,239.76,242.14
2007/06/14,242.13,242.38,241.73,242.02
2007/06/15,242.06,244.37,242.05,243.86
2007/06/18,244.16,245.49,243.94,245.3
2007/06/19,245.3,245.55,245.09,245.33
2007/06/20,245.34,246.63,244.73,246.3
2007/06/21,246.2,246.56,245.88,246.54
2007/06/22,246.54,247.95,246.4,247.44
2007/06/25,247.69,247.82,246.5,247.02
2007/06/26,247.06,247.17,245.24,246.39
2007/06/27,246.38,246.39,244.02,245.57
2007/06/28,245.58,246.78,245.38,246.71
2007/06/29,246.73,247.82,246.5,247.25
2007/07/02,247.28,247.63,246.06,246.95
2007/07/03,246.94,247.63,246.28,246.82
2007/07/04,246.88,247.42,246.61,247.41
2007/07/05,247.41,247.63,246.64,247.3
2007/07/06,247.31,248.19,247.06,248.17
2007/07/09,248.33,248.81,248.17,248.7
2007/07/10,248.7,248.78,246.87,246.88
2007/07/11,246.88,248.96,245.1,248.94
2007/07/12,248.88,248.93,247.71,248.55
2007/07/13,248.55,248.93,248.1,248.17
2007/07/16,248.3,248.65,247.9,248.2
2007/07/17,248.19,250.48,248.03,250.41
2007/07/18,250.43,250.53,249.61,250.34
2007/07/19,250.34,250.45,249.74,249.98
2007/07/20,249.98,251.11,248.62,249.12
2007/07/23,249.39,249.94,248.57,249.38
2007/07/24,249.38,249.48,247.32,248.05
2007/07/25,248.05,248.12,246.32,247.5
2007/07/26,247.47,247.74,242.85,243.19
2007/07/27,243.19,244.38,240.13,240.65
2007/07/30,239.42,241.44,239.07,241.05
2007/07/31,241.05,242.94,240.58,240.94
2007/08/01,240.94,241.85,237.66,241.77
2007/08/02,241.69,243.14,240.16,242.88
2007/08/03,242.88,242.95,240.93,240.99
2007/08/06,239.79,241.82,238.92,241.49
2007/08/07,241.5,241.67,238.63,240.19
2007/08/08,240.19,244.1,239.86,243.91
2007/08/09,243.83,244.06,239.02,239.11
2007/08/10,239.11,240.51,236.35,239.77
2007/08/13,239.46,239.67,236.5,237.97
2007/08/14,237.97,238.11,234.77,234.79
2007/08/15,234.8,234.87,231.81,231.91
2007/08/16,231.93,231.93,221.53,225.84
2007/08/17,225.83,229.01,219.39,226.36
2007/08/20,225.52,229.6,224.93,228.32
2007/08/21,228.36,229.09,225.38,226.79
2007/08/22,226.79,229.89,225.76,229.83
2007/08/23,229.76,234.91,229.75,233.04
2007/08/24,233.04,234.32,230.88,234.31
2007/08/27,235.21,235.54,233.12,233.13
2007/08/28,233.13,233.14,228.47,228.75
2007/08/29,228.76,234.55,227.45,234.42
2007/08/30,234.36,234.56,231.22,233.07
2007/08/31,233.07,235.54,232.75,233.49
2007/09/03,233.73,234.59,233.06,234.05
2007/09/04,234.06,234.45,231.97,234.19
2007/09/05,234.19,234.8,231.92,232.82
2007/09/06,232.82,233.98,231.92,233.5
2007/09/07,233.5,234.07,229.16,230.04
2007/09/10,228.53,231.5,228.53,230.57
2007/09/11,230.57,232.39,229.62,232.33
2007/09/12,232.33,232.56,231.07,231.88
2007/09/13,231.88,234.8,231.45,233.07
2007/09/14,233.07,233.31,230.22,231.4
2007/09/17,231.1,231.7,228.83,229.63
2007/09/18,229.63,234.27,228.23,233.7
2007/09/19,233.68,233.87,231.15,232.28
2007/09/20,232.28,232.28,229.53,230.39
2007/09/21,230.35,233.7,230.18,233.11
2007/09/24,233.1,233.57,231.76,232.3
2007/09/25,232.3,232.42,229.76,231.69
2007/09/26,231.69,233.28,231.26,232.94
2007/09/27,232.94,234.52,232.48,234.44
2007/09/28,234.45,235.07,232.42,235.02
2007/10/01,234.89,237.08,234.74,236.54
2007/10/02,236.51,236.81,234.98,236.32
2007/10/03,236.37,237.86,235.9,237.24
2007/10/04,237.2,237.85,236.2,237.43
2007/10/05,237.42,238.88,236.72,238.72
2007/10/08,238.82,239.74,238.6,239.05
2007/10/09,239.05,239.41,237.03,238.69
2007/10/10,238.69,240.39,238.51,239.5
2007/10/11,239.43,239.9,237.78,238.26
2007/10/12,238.29,239.42,237.44,239.18
2007/10/15,239.27,240.69,238.97,239.82
2007/10/16,239.82,240.01,236.67,237.68
2007/10/17,237.67,238.81,235.89,238.07
2007/10/18,238.07,238.12,236.2,236.39
2007/10/19,236.39,237.02,234.87,235.08
2007/10/22,233.16,234.45,230.37,232.92
2007/10/23,232.89,235.85,232.37,235.41
2007/10/24,235.44,235.73,232.87,234.19
2007/10/25,234.21,235.13,233.07,234.2
2007/10/26,234.2,235.4,233.66,234.51
2007/10/29,234.49,236.79,234.38,236.48
2007/10/30,236.48,237.72,235.3,237.04
2007/10/31,237.04,240.19,236.88,240.08
2007/11/01,240.08,241.38,238,238.54
2007/11/02,238.54,240.31,237.67,239.97
2007/11/05,239.42,239.71,237.13,238.34
2007/11/06,238.36,239.63,237.82,239.52
2007/11/07,239.52,239.67,236.68,236.81
2007/11/08,236.76,238.87,235.31,237.33
2007/11/09,237.31,238.09,231.17,231.45
2007/11/12,230.04,231.04,224.61,224.62
2007/11/13,224.62,229.88,224.24,229.68
2007/11/14,229.66,232.42,227.99,228.49
2007/11/15,228.49,229.7,225.16,225.57
2007/11/16,225.57,228.39,223.99,227.67
2007/11/19,227.56,228.38,224.59,225.07
2007/11/20,225.06,228.33,224.33,227.26
2007/11/21,227.28,227.28,222.49,223.91
2007/11/22,223.91,225.67,223.26,223.59
2007/11/23,223.6,224.81,221.31,223.24
2007/11/26,223.66,224.84,221.93,222.46
2007/11/27,222.46,225.81,221.94,225.43
2007/11/28,225.41,229.31,223.72,229.12
2007/11/29,229.11,229.18,225.76,226.61
2007/11/30,226.61,229.34,226.14,228.44
2007/12/03,228.24,228.5,226.57,228.19
2007/12/04,228.21,228.24,225.59,226.22
2007/12/05,226.25,227.41,223.72,224.7
2007/12/06,224.75,226.1,223.99,225.76
2007/12/07,225.77,227.08,224.87,226.95
2007/12/10,226.87,228.87,226.38,228.58
2007/12/11,228.56,229.84,224.81,225.11
2007/12/12,225.13,230.35,225.1,229.75
2007/12/13,229.66,229.75,227.46,229.08
2007/12/14,229.08,230.06,228.31,228.78
2007/12/17,228.5,229.13,227.41,228.19
2007/12/18,228.2,229.06,227.78,228.44
2007/12/19,228.43,228.6,225.97,226.63
2007/12/20,226.63,226.63,223.59,224.42
2007/12/21,224.44,226.45,224.28,226.34
2007/12/24,226.14,226.45,225.64,225.96
2007/12/25,225.96,226.15,225.13,225.88
2007/12/26,225.8,226.91,225.48,226.84
2007/12/27,226.66,228.4,226.45,226.99
2007/12/28,226.95,227.64,225.19,225.74
2008/01/02,221.46,222.13,216.44,217.23
2008/01/03,217.21,217.65,213.63,214.63
2008/01/04,215.89,216.83,213.5,213.84
2008/01/07,214.46,216.17,214.07,215.07
2008/01/08,215.08,217.34,214.49,214.88
2008/01/09,214.88,216.47,213.84,215.51
2008/01/10,215.51,216.06,213.59,214.45
2008/01/11,214.45,215.13,212.03,213.22
2008/01/14,213.18,213.47,210.76,211.57
2008/01/15,211.57,212.09,209.38,209.59
2008/01/16,209.59,211.94,207.04,211.35
2008/01/17,211.33,212.41,209.45,210.05
2008/01/18,210.05,211.55,208.24,208.44
2008/01/21,209.1,209.38,205.68,205.96
2008/01/22,206,210,204.76,208.7
2008/01/23,208.7,210.5,204.64,208.67
2008/01/24,208.67,211.93,207.13,211.83
2008/01/25,211.84,214.03,211.15,211.71
2008/01/28,211.86,212.74,209.46,212.11
2008/01/29,212.09,213.44,210.94,213.1
2008/01/30,213.1,213.72,211.13,211.13
2008/01/31,211.06,212.62,209.99,211.52
2008/02/01,211.51,212.34,208.87,209.57
2008/02/04,209.52,211.76,209.29,210.57
2008/02/05,210.58,212.11,209.49,209.89
2008/02/06,209.9,209.96,207.78,209
2008/02/07,208.97,209.39,205.93,208.78
2008/02/08,208.76,209.89,208.09,208.87
2008/02/11,209.31,209.35,206.85,208.69
2008/02/12,208.69,210.99,207.85,210.31
2008/02/13,210.3,212.81,209.38,212.66
2008/02/14,212.57,213.89,211.94,212.41
2008/02/15,212.38,213.32,210.35,211.38
2008/02/18,211.01,211.81,210.59,211.32
2008/02/19,211.32,211.32,208.81,210
2008/02/20,210,210.93,209.09,209.95
2008/02/21,209.95,211.97,209.72,210.8
2008/02/22,210.8,211.52,210.05,210.91
2008/02/25,211.28,212.91,210.51,212.57
2008/02/26,212.59,213.25,211.85,213.17
2008/02/27,213.18,213.52,210.69,211.03
2008/02/28,211.03,211.29,209.5,209.56
2008/02/29,209.55,209.65,205.97,206.44
2008/03/03,204.96,205.79,203.51,205.34
2008/03/04,205.29,205.72,203.72,205.31
2008/03/05,205.32,207.75,204.44,207.2
2008/03/06,207.2,207.64,205.9,206.3
2008/03/07,206.29,207.98,204.93,207.17
2008/03/10,206.29,206.86,204.33,204.44
2008/03/11,204.44,207.68,203.61,207.5
2008/03/12,207.51,207.99,205.99,206.37
2008/03/13,206.3,206.31,203.02,204.66
2008/03/14,204.68,205.15,199.97,200.83
2008/03/17,199.07,199.75,192.64,194.58
2008/03/18,194.43,200.53,193.46,200.21
2008/03/19,200.22,201.81,195.9,196.5
2008/03/20,196.5,198.34,195.14,197.51
2008/03/21,197.5,197.99,196.61,197.09
2008/03/24,197.12,200.43,196.88,200.05
2008/03/25,200.05,200.94,199,200.59
2008/03/26,200.55,201.03,197.6,199.2
2008/03/27,199.28,201.75,197.79,200.04
2008/03/28,200.05,200.49,197.56,197.78
2008/03/31,197.25,200.09,197.05,197.77
2008/04/01,197.77,201.69,197.06,201.22
2008/04/02,201.22,204.05,200.88,203.44
2008/04/03,203.43,204.58,202.69,204.19
2008/04/04,204.19,205.13,202.28,202.47
2008/04/07,202.55,204.45,202.4,203.62
2008/04/08,203.62,204.1,201.18,202.2
2008/04/09,202.21,202.59,200.6,201.17
2008/04/10,201.17,201.28,198.1,200.91
2008/04/11,200.91,201.9,198.47,198.91
2008/04/14,199.14,200.78,198.14,200
2008/04/15,200.02,200.31,198.52,199.87
2008/04/16,199.84,200.94,199.19,200.83
2008/04/17,200.82,204.43,200.57,204.07
2008/04/18,204.07,209,203.59,206.89
2008/04/21,208,208.11,203.97,204.51
2008/04/22,204.51,206.11,203.38,205.56
2008/04/23,205.56,206.07,204.14,204.74
2008/04/24,204.73,206.16,204.19,205.79
2008/04/25,205.83,207.65,205.44,207
2008/04/28,207.05,208.61,206.77,207.48
2008/04/29,207.48,207.62,203.5,204.89
2008/04/30,204.89,207.81,203.72,206.43
2008/05/01,206.34,207.15,204.87,206.22
2008/05/02,206.2,209.02,206.14,207.94
2008/05/05,207.77,208.32,206.5,206.76
2008/05/06,206.77,207.21,205.56,206.8
2008/05/07,206.8,206.93,204.28,204.64
2008/05/08,204.62,204.78,202.39,202.71
2008/05/09,202.71,203.3,199.82,201.01
2008/05/12,200.69,203.74,200.19,203.13
2008/05/13,203.13,204.18,201.55,203.8
2008/05/14,203.8,205,203.41,204.41
2008/05/15,204.41,204.87,203.13,203.97
2008/05/16,204,204.41,202.64,203.53
2008/05/19,203.68,204.11,202.95,203.32
2008/05/20,203.31,204.78,202.73,204.07
2008/05/21,204.07,204.11,202.65,203.34
2008/05/22,203.35,206.56,202.74,206.11
2008/05/23,206.11,206.27,204.17,204.59
2008/05/26,204.66,205.17,204.29,205.02
2008/05/27,205,206.18,204.69,206.05
2008/05/28,206.01,207.73,205.24,207.38
2008/05/29,207.44,208.97,206.82,208.53
2008/05/30,208.53,208.94,207.72,208.82
2008/06/02,208.19,208.38,204.68,205.42
2008/06/03,205.41,207.12,204.01,206.33
2008/06/04,206.34,206.63,204.59,205.8
2008/06/05,205.77,207.56,205.55,207.5
2008/06/06,207.49,208.08,206.73,206.82
2008/06/09,206.28,210.07,206.22,209.97
2008/06/10,209.97,210.76,208.63,210
2008/06/11,210,210.63,209.43,210
2008/06/12,210,210.31,209.56,210.13
2008/06/13,210.13,210.81,209.72,210.74
2008/06/16,210.97,212.83,210.81,212.47
2008/06/17,212.46,212.68,210.66,211.2
2008/06/18,211.2,211.5,210.44,211.44
2008/06/19,211.44,213.3,210.84,213.04
2008/06/20,213.01,213.14,211.73,212.03
2008/06/23,212.09,212.19,211.1,211.96
2008/06/24,211.97,212.86,211.66,212.5
2008/06/25,212.51,213.26,212.17,212.94
2008/06/26,212.94,213.93,211.94,212.45
2008/06/27,212.46,213,210.62,211.75
2008/06/30,211.94,212.32,209.44,211.62
2008/07/01,211.62,211.93,210.06,211.72
2008/07/02,211.72,212.08,210.84,211.06
2008/07/03,211.13,211.93,210.63,211.69
2008/07/04,211.68,212.06,211.28,211.63
2008/07/07,211.66,212.44,211,211.82
2008/07/08,211.81,211.84,210.27,211.74
2008/07/09,211.74,212.32,211.06,211.72
2008/07/10,211.72,212.16,211.18,211.78
2008/07/11,211.79,212.13,210.27,211.39
2008/07/14,211.56,212.27,211.1,211.75
2008/07/15,211.75,212,208.97,210.03
2008/07/16,210.06,210.28,208.01,210.16
2008/07/17,210.14,213.63,209.67,212.96
2008/07/18,212.98,213.72,211.59,213.66
2008/07/21,213.19,213.82,212.16,213.25
2008/07/22,213.25,213.84,212.87,213.78
2008/07/23,213.77,215.87,213.47,215.73
2008/07/24,215.73,215.84,212.79,213.25
2008/07/25,213.25,214.84,211.63,214.77
2008/07/28,214.47,214.9,213.72,214.26
2008/07/29,214.26,214.81,213.74,213.93
2008/07/30,213.93,214.39,213.28,214.28
2008/07/31,214.28,214.58,213.4,214.13
2008/08/01,214.12,214.13,212.06,212.63
2008/08/04,212.65,212.9,212.09,212.45
2008/08/05,212.44,212.45,210.59,211.78
2008/08/06,211.78,213.93,211.46,213.85
2008/08/07,213.86,213.88,212.44,212.75
2008/08/08,212.75,212.75,210.86,211.62
2008/08/11,210.92,211.56,209.74,210.32
2008/08/12,210.3,210.6,207.18,207.28
2008/08/13,207.28,207.36,202.55,204.88
2008/08/14,204.88,205.87,203.47,205.18
2008/08/15,205.19,206.53,204.41,205.88
2008/08/18,205.82,206.25,205.06,205.39
2008/08/19,205.4,205.42,203.91,204.85
2008/08/20,204.86,205.15,204.14,204.57
2008/08/21,204.54,204.63,201.83,203.66
2008/08/22,203.66,204.6,202.81,203.7
2008/08/25,203.47,203.75,202.37,202.55
2008/08/26,202.57,202.82,200.73,201.66
2008/08/27,201.67,202.28,200.53,201
2008/08/28,201,201.16,199.82,200.32
2008/08/29,200.32,200.36,197.63,198.34
2008/09/01,196.31,196.93,194.17,194.81
2008/09/02,194.77,194.91,192.63,193.75
2008/09/03,193.75,194.09,191.97,192.43
2008/09/04,192.41,193.61,189.24,189.36
2008/09/05,189.37,189.51,186.24,189.13
2008/09/08,193.53,195.68,188.53,190.34
2008/09/09,190.33,190.97,187.81,188.07
2008/09/10,188.05,190.08,187.22,188.78
2008/09/11,188.78,189,185.93,188.38
2008/09/12,188.39,193.73,187.62,193.5
2008/09/15,191.16,192.1,187.33,188.45
2008/09/16,188.41,190.03,184.53,188.43
2008/09/17,188.43,191.98,186.91,190.14
2008/09/18,190.06,192.09,188.87,191.7
2008/09/19,191.7,197.06,191.43,196.88
2008/09/22,195.53,197.13,194.32,195.66
2008/09/23,195.64,196.62,194.99,195.52
2008/09/24,195.52,197.44,195.23,195.94
2008/09/25,195.94,197.17,195.31,195.79
2008/09/26,195.79,195.89,193.19,195.54
2008/09/29,194.73,195.48,188.13,188.41
2008/09/30,188.41,191,186.45,189
2008/10/01,189,189.95,185.99,187.09
2008/10/02,187.12,188.12,184.75,185.81
2008/10/03,185.8,188.49,184.7,186.62
2008/10/06,185.45,185.75,174.13,177.59
2008/10/07,177.53,182.01,176.01,177.12
2008/10/08,177.11,178.82,171.57,171.57
2008/10/09,171.57,176.41,169.88,170.65
2008/10/10,170.65,172.13,166.03,171.03
2008/10/13,172.66,177.51,168.71,176.89
2008/10/14,176.92,181.38,176.82,177.56
2008/10/15,177.56,178.72,172.57,172.61
2008/10/16,172.61,176.26,170.4,175.77
2008/10/17,175.77,176.55,173.97,175.56
2008/10/20,175.66,179.21,173.63,174.71
2008/10/21,174.73,175.58,166.8,167.27
2008/10/22,167.33,168.03,157.77,158.86
2008/10/23,158.81,160.66,154.57,157.97
2008/10/24,158.05,159.94,139.06,150.52
2008/10/27,146.59,149.93,140.7,144.28
2008/10/28,144.27,156.02,142.92,155.88
2008/10/29,155.88,161.18,153.37,159.48
2008/10/30,159.48,165.06,158.26,162.16
2008/10/31,162.16,162.41,155.53,158.51
2008/11/03,158.3,163.34,155.64,156.86
2008/11/04,156.83,161.73,153.74,159.13
2008/11/05,159.13,160.83,155.25,155.8
2008/11/06,155.79,157.68,152.18,152.72
2008/11/07,152.72,156.21,150.33,154.09
2008/11/10,156,157.55,152.13,152.99
2008/11/11,152.99,154.28,149.79,150.23
2008/11/12,150.23,151.76,141.12,142.18
2008/11/13,142.19,145.77,138.94,144.96
2008/11/14,144.96,146.3,140.96,143.69
2008/11/17,141.19,146.48,140.72,144.56
2008/11/18,144.56,146.55,143.63,145.14
2008/11/19,145.14,147.9,143.05,143.13
2008/11/20,143.13,143.89,137.71,138.02
2008/11/21,138.02,143.22,137.94,142.69
2008/11/24,143.56,147.81,141.08,147.81
2008/11/25,147.8,148.62,143.77,147.37
2008/11/26,147.37,147.55,144.56,146.62
2008/11/27,146.62,147.91,145.72,146.77
2008/11/28,146.63,147.61,145.6,147.24
2008/12/01,147.01,147.15,138.09,138.75
2008/12/02,138.78,140.91,137.13,139
2008/12/03,139,139.76,136.33,137.93
2008/12/04,137.93,138.32,134.19,135.39
2008/12/05,135.39,137.38,133.31,137.09
2008/12/08,136.5,140.73,136.26,138.44
2008/12/09,138.41,138.5,135.5,135.88
2008/12/10,135.88,138.37,135.8,137.1
2008/12/11,137.11,138.69,135.84,137.42
2008/12/12,137.51,138.21,132.47,136.13
2008/12/15,136.15,139.2,135.34,138.76
2008/12/16,138.76,139.08,136.84,138.72
2008/12/17,138.73,139.07,134.93,135.54
2008/12/18,135.54,138.13,133.69,134.31
2008/12/19,134.31,135.92,132.32,132.93
2008/12/22,133.45,134.69,132.08,133.85
2008/12/23,133.76,134.42,132.93,133.97
2008/12/24,133.97,134.09,132.63,133.25
2008/12/25,133.25,133.58,132.9,133.15
2008/12/29,132.88,133.51,130.23,130.49
2008/12/30,130.5,131.88,129.89,130.14
2008/12/31,130.14,132.88,130.09,132.82
2009/01/02,134.03,134.06,131.43,133.8
2009/01/05,133.97,137.56,132.88,137.32
2009/01/06,137.26,140.87,135.48,139.69
2009/01/07,139.72,141.56,137.98,139.87
2009/01/08,139.79,140.12,137.32,138.77
2009/01/09,138.81,139.91,136.56,136.87
2009/01/12,135.74,136.29,131.76,132.24
2009/01/13,132.22,132.62,128.86,129.63
2009/01/14,129.63,132.09,129.07,130.1
2009/01/15,130.11,132.05,129.14,131.53
2009/01/16,131.54,135.72,131.41,133.59
2009/01/19,135.35,135.88,130.5,130.72
2009/01/20,130.81,130.97,124.69,125.04
2009/01/21,125,126.19,119.45,124.9
2009/01/22,124.9,125.34,121.13,123.37
2009/01/23,123.39,123.81,118.86,122.66
2009/01/26,121.03,125.09,119.73,124.66
2009/01/27,124.67,127.66,124.28,125.7
2009/01/28,125.72,129.71,125.65,128.69
2009/01/29,128.56,129.41,126.52,128.73
2009/01/30,128.76,130.59,126.74,130.19
2009/02/02,129.46,129.91,125.32,127.6
2009/02/03,127.59,129.4,126.72,129.31
2009/02/04,129.33,130.68,127.32,129.41
2009/02/05,129.39,135.61,128.52,133.3
2009/02/06,133.25,136.79,132.5,136.22
2009/02/09,136.48,137.35,133.65,136.28
2009/02/10,136.27,136.43,130.38,131.58
2009/02/11,131.56,131.81,128.9,130.13
2009/02/12,130.13,130.22,127.15,129.73
2009/02/13,129.74,133.88,129.25,132.46
2009/02/16,130.5,131.45,129.64,131.16
2009/02/17,131.16,132.23,129.7,131.56
2009/02/18,131.57,133.74,130.41,133.29
2009/02/19,133.29,136.38,132.92,134.64
2009/02/20,134.64,135.35,132.77,134.23
2009/02/23,134.66,139.13,133.84,137.06
2009/02/24,137.06,140.66,136.27,139.94
2009/02/25,139.94,141.78,137.69,138.31
2009/02/26,138.27,141.7,138.27,141.05
2009/02/27,141.05,141.13,136.73,139.69
2009/03/02,139.38,139.53,135.56,136.88
2009/03/03,136.89,138.65,136.08,138.34
2009/03/04,138.35,140.85,137.4,140.37
2009/03/05,140.37,141.51,138.05,138.27
2009/03/06,138.27,140.19,137.28,138.31
2009/03/09,138.83,139.32,135.97,136.18
2009/03/10,136.17,137.05,135.18,135.68
2009/03/11,135.68,136.27,133.95,134.96
2009/03/12,134.96,136.58,131.5,136.22
2009/03/13,136.22,138.39,135.33,137.05
2009/03/16,136.49,140.01,136.49,138.08
2009/03/17,138.08,139.38,137.93,138.39
2009/03/18,138.39,139.05,135.19,137.3
2009/03/19,137.37,137.99,135.28,137.17
2009/03/20,137.09,138.97,136.61,138.51
2009/03/23,138.69,141.87,138.56,141.23
2009/03/24,141.29,145.06,141.07,143.68
2009/03/25,143.68,144.61,140.99,141.93
2009/03/26,141.94,143.59,141.73,142.68
2009/03/27,142.67,142.97,139.1,140.05
2009/03/30,140.3,140.47,135.74,138.74
2009/03/31,138.75,142.53,138.59,141.76
2009/04/01,141.73,142.78,140.53,142.47
2009/04/02,142.49,146.87,142.23,146.53
2009/04/03,146.53,148.81,145.55,148.53
2009/04/06,149.6,151.49,147.68,149.15
2009/04/07,149.13,149.24,145.78,147.9
2009/04/08,147.9,148.51,145.71,146.76
2009/04/09,146.77,147.94,146.28,147.35
2009/04/10,147.35,147.51,146.64,147.02
2009/04/13,147.04,148.8,146.44,148.69
2009/04/14,148.69,149.28,146.96,147.39
2009/04/15,147.41,149.26,145.83,148.95
2009/04/16,148.95,149.8,146.57,148.18
2009/04/17,148.12,148.74,146.19,146.73
2009/04/20,146.92,147.07,141.94,142.37
2009/04/21,142.31,145.14,141.49,144.83
2009/04/22,144.84,144.92,140.59,142.03
2009/04/23,142.03,144.42,141.06,144.17
2009/04/24,144.16,144.48,141.15,142.31
2009/04/27,141.82,142.04,140.14,141.67
2009/04/28,141.69,141.9,139.03,141.09
2009/04/29,141.09,144.49,140.83,144.18
2009/04/30,144.19,146.91,143.62,145.9
2009/05/01,145.9,148.32,145.59,147.95
2009/05/04,148.5,149.05,147.32,148.33
2009/05/05,148.33,149.83,147.83,149.13
2009/05/06,149.13,149.26,146.95,148.72
2009/05/07,148.73,150.83,148.09,148.76
2009/05/08,148.76,150.01,148.17,149.98
2009/05/11,150,150.37,146.78,147.36
2009/05/12,147.37,149.39,146.37,147.2
2009/05/13,147.21,148.03,144.22,144.43
2009/05/14,144.44,146.09,143.39,145.91
2009/05/15,145.93,146.43,143.54,144.23
2009/05/18,144.22,147.87,143,147.74
2009/05/19,147.73,149.57,147.09,148.51
2009/05/20,148.52,149.78,147.57,149.43
2009/05/21,149.46,150.01,146.84,149.47
2009/05/22,149.47,151.07,148.2,150.77
2009/05/25,150.76,151.48,149.8,150.82
2009/05/26,150.82,151.58,149.58,151.3
2009/05/27,151.3,153.05,151.17,152.15
2009/05/28,152.15,154.84,151.93,154.32
2009/05/29,154.32,155.68,153.29,153.96
2009/06/01,154.04,159.12,153.52,158.82
2009/06/02,158.75,159.2,156.88,158.75
2009/06/03,158.74,160.42,155.74,156.61
2009/06/04,156.58,158.53,155.17,156.34
2009/06/05,156.22,158.47,154.85,157.85
2009/06/08,157.49,158.42,155.55,158.07
2009/06/09,158.07,159.1,156.63,158.73
2009/06/10,158.75,161.22,158.46,160.48
2009/06/11,160.48,162.02,159.92,161.88
2009/06/12,161.92,162.55,160.5,161.61
2009/06/15,161.55,161.73,158.9,159.59
2009/06/16,159.59,160.33,156.47,158.12
2009/06/17,158.16,159.31,155.55,156.96
2009/06/18,156.96,158.37,154.97,157.67
2009/06/19,157.66,159.55,157.38,158.7
2009/06/22,158.53,158.59,156.34,156.7
2009/06/23,156.7,156.83,154.05,156.63
2009/06/24,156.63,158.19,156.15,156.88
2009/06/25,156.88,158.5,155.95,157.05
2009/06/26,157.05,158.17,156.64,157.25
2009/06/29,157.38,159.25,156.7,159.09
2009/06/30,159.09,160.22,158.18,158.55
2009/07/01,158.54,159.91,158.27,159.27
2009/07/02,159.28,159.31,156.88,157.26
2009/07/03,157.25,157.8,156.43,156.83
2009/07/06,156.26,156.44,153.02,155.24
2009/07/07,155.24,155.38,152.74,153.13
2009/07/08,153.15,153.16,146.66,149.25
2009/07/09,149.25,152.33,148.13,151.91
2009/07/10,151.89,152.08,148.35,149.74
2009/07/13,149.68,150.93,147.14,150.72
2009/07/14,150.8,152.94,150.68,152.42
2009/07/15,152.44,155.08,152.39,154.73
2009/07/16,154.73,155.05,153,154.32
2009/07/17,154.32,154.56,152.33,154.21
2009/07/20,154.18,156.44,153.98,155.76
2009/07/21,155.81,155.97,153.13,154.23
2009/07/22,154.23,154.57,152.3,154.43
2009/07/23,154.43,157.59,153.82,156.47
2009/07/24,156.47,157.15,155.34,155.64
2009/07/27,155.58,157.44,155.17,156.89
2009/07/28,156.89,157.44,154.14,155.29
2009/07/29,155.29,156.33,153.82,155.56
2009/07/30,155.56,158.02,155.24,157.58
2009/07/31,157.58,158.51,156.9,158.02
2009/08/03,158.38,161.74,158.14,161.21
2009/08/04,161.21,162.18,160.07,161.25
2009/08/05,161.25,162.45,160.41,161.27
2009/08/06,161.27,162.37,159.99,160.2
2009/08/07,160.2,163.02,158.93,162.63
2009/08/10,162.71,162.79,159.38,160.03
2009/08/11,160.03,160.19,157.78,158.18
2009/08/12,158.18,159.69,156,158.33
2009/08/13,158.33,160.3,157.37,158.19
2009/08/14,158.19,158.35,155.94,156.69
2009/08/17,156.31,156.58,153.43,154.44
2009/08/18,154.44,157.05,154.02,156.78
2009/08/19,156.78,157.45,153.65,155.45
2009/08/20,155.45,156.65,154.44,155.44
2009/08/21,155.44,156.53,153.55,155.45
2009/08/24,156.01,156.74,154.79,155.19
2009/08/25,155.19,155.49,153.4,153.9
2009/08/26,153.9,154.05,152.17,153.12
2009/08/27,153.12,153.17,151.07,152.14
2009/08/28,152.14,153.53,151.87,152.26
2009/08/31,151.77,152.05,149.99,151.68
2009/09/01,151.68,152.69,149.78,150.14
2009/09/02,150.14,150.53,149.03,150.02
2009/09/03,150.02,151.78,149.42,151.17
2009/09/04,151.17,152.71,150.8,152.47
2009/09/07,152.69,153.21,151.59,152.1
2009/09/08,152.1,152.92,151.23,152.22
2009/09/09,152.22,152.99,151.68,152.24
2009/09/10,152.24,153.09,151.88,152.66
2009/09/11,152.66,152.87,150.46,151.09
2009/09/14,150.48,150.91,149.9,150.65
2009/09/15,150.65,151.72,149.45,150.25
2009/09/16,150.25,150.54,148.58,149.89
2009/09/17,149.89,151.15,149.59,149.83
2009/09/18,149.83,150.06,148.24,148.38
2009/09/21,148.37,149.59,148.25,149.09
2009/09/22,149.09,149.35,148.46,149.02
2009/09/23,149.02,150.35,148.26,149.26
2009/09/24,149.26,149.53,146.27,146.5
2009/09/25,146.5,146.68,142.7,143.11
2009/09/28,141.28,142.54,139.67,142.24
2009/09/29,142.24,143.95,142.02,143.75
2009/09/30,143.75,144.49,142.79,143.35
2009/10/01,143.35,144.19,142.79,142.95
2009/10/02,142.95,143.21,140.67,142.74
2009/10/05,142.69,143.94,142.43,142.62
2009/10/06,142.62,143.18,140.95,141.37
2009/10/07,141.37,141.97,139.68,141.47
2009/10/08,141.47,142.5,140.97,142.02
2009/10/09,142.02,143.1,141.65,142.24
2009/10/12,142.44,143.24,141.49,141.98
2009/10/13,141.98,143.14,141.18,142.69
2009/10/14,142.69,143.83,141.74,142.75
2009/10/15,142.75,147.55,142.75,147.29
2009/10/16,147.29,149.25,147.12,148.56
2009/10/19,148.99,149.09,147.04,148.48
2009/10/20,148.48,149.38,147.47,148.65
2009/10/21,148.65,151.52,148.42,151.01
2009/10/22,151.01,151.94,150.45,151.71
2009/10/23,151.71,153.23,149.93,150.13
2009/10/26,150.29,151.13,149.08,150.54
2009/10/27,150.54,151.12,149.87,150.22
2009/10/28,150.22,150.37,148.27,148.59
2009/10/29,148.59,151.58,147.66,151.23
2009/10/30,151.23,151.7,147.79,147.81
2009/11/02,146.9,148.94,146.78,148.05
2009/11/03,148.05,148.55,146.36,148.42
2009/11/04,148.42,151.13,147.77,150.23
2009/11/05,150.23,150.55,148.56,150.4
2009/11/06,150.4,150.73,148.4,149.36
2009/11/09,149.36,151.58,149.2,150.7
2009/11/10,150.7,150.99,149,150.32
2009/11/11,150.32,151.09,148.57,148.94
2009/11/12,148.94,150,148.23,149.79
2009/11/13,149.79,150.41,148.95,149.63
2009/11/16,149.63,150.33,149.11,149.78
2009/11/17,149.78,150.17,149.33,150.03
2009/11/18,150.03,150.27,149.37,149.55
2009/11/19,149.55,149.68,147.32,148.28
2009/11/20,148.28,148.36,146.44,146.91
2009/11/23,146.91,148.18,146.31,147.73
2009/11/24,147.73,147.88,146.23,146.77
2009/11/25,146.77,147.63,145.58,145.91
2009/11/26,145.91,146.18,142.52,142.96
2009/11/27,142.96,143.44,139.25,142.59
2009/11/30,142.59,143.9,141.04,141.9
2009/12/01,141.9,144.43,141.61,143.96
2009/12/02,143.96,145.72,143.78,145.28
2009/12/03,145.28,146.81,145.26,145.95
2009/12/04,145.95,149.09,145.37,148.8
2009/12/07,148.8,148.8,146.63,147.15
2009/12/08,147.15,147.18,143.57,143.99
2009/12/09,143.99,144.31,142.01,142.83
2009/12/10,142.83,144.41,142.48,143.54
2009/12/11,143.54,145.62,143.53,144.65
2009/12/14,144.65,145.04,143.14,144.44
2009/12/15,144.44,146.01,144.37,145.76
2009/12/16,145.76,146.89,145.24,146.55
2009/12/17,146.55,146.86,144.67,145.28
2009/12/18,145.28,146.52,143.75,145.76
2009/12/21,145.76,146.45,145.45,146.19
2009/12/22,146.19,147.05,145.98,146.59
2009/12/23,146.59,146.71,145.74,146.19
2009/12/24,146.19,146.42,145.68,146.05
2009/12/25,146.05,146.32,145.87,146.02
2009/12/28,146.02,146.65,145.82,146.57
2009/12/29,146.57,147.15,145.96,146.2
2009/12/30,146.2,148.92,146.03,148.56
2009/12/31,148.56,150.3,148.23,150.02
2010/01/04,150.02,150.66,148.65,148.84
2010/01/05,148.84,149.14,146.1,146.6
2010/01/06,146.6,148.45,145.98,147.77
2010/01/07,147.77,148.69,147.06,148.58
2010/01/08,148.58,149.46,148.04,148.4
2010/01/11,148.4,149.54,148.02,148.35
2010/01/12,148.35,148.65,146.63,147.04
2010/01/13,147.04,149.01,146.71,148.7
2010/01/14,148.7,149.99,148.36,148.93
2010/01/15,148.93,149.16,147.14,147.64
2010/01/18,147.64,148.88,147.52,148.26
2010/01/19,148.26,149.47,147.97,149.05
2010/01/20,149.05,149.24,147.53,148.55
2010/01/21,148.55,149.04,146.08,146.41
2010/01/22,146.41,147.17,144.6,144.76
2010/01/25,144.76,146.67,144.73,146.5
2010/01/26,146.5,147.24,144.06,144.66
2010/01/27,144.66,145.64,143.63,145.42
2010/01/28,145.42,147.16,144.62,145.06
2010/01/29,145.06,146.2,144.23,144.27
2010/02/01,144.02,144.84,143,144.56
2010/02/02,144.56,145.14,143.84,144.35
2010/02/03,144.35,145.24,144.2,144.47
2010/02/04,144.47,144.78,139.35,140.3
2010/02/05,140.3,141.43,138.22,139.66
2010/02/08,139.19,139.93,138.63,139.07
2010/02/09,139.07,141.18,138.79,140.94
2010/02/10,140.94,141.39,139.43,140.24
2010/02/11,140.24,140.98,139.6,140.92
2010/02/12,140.92,141.93,139.77,140.99
2010/02/15,141.03,141.34,140.7,140.95
2010/02/16,140.95,142.53,140.73,142.27
2010/02/17,142.27,143.61,142.04,142.95
2010/02/18,142.95,143.05,140.94,142.52
2010/02/19,142.52,142.64,140.87,141.58
2010/02/22,141.63,142.15,140.78,141.08
2010/02/23,141.08,141.62,138.68,139.12
2010/02/24,139.12,139.55,138.28,138.85
2010/02/25,138.85,139.23,134.93,136
2010/02/26,136,136.69,134.63,135.51
2010/03/01,134.89,135.46,131.97,133.57
2010/03/02,133.57,133.71,132.48,132.97
2010/03/03,132.97,133.97,132.72,133.54
2010/03/04,133.54,134.79,132.55,133.8
2010/03/05,133.8,137.04,133.74,136.81
2010/03/08,136.81,137.34,135.63,136.03
2010/03/09,136.03,136.11,133.9,134.85
2010/03/10,134.85,135.85,133.89,135.51
2010/03/11,135.51,136.44,134.9,136.24
2010/03/12,136.24,138.05,136.09,137.32
2010/03/15,137.56,137.92,135.78,136.27
2010/03/16,136.27,137.81,135.1,137.58
2010/03/17,137.58,139.33,137.1,138.37
2010/03/18,138.37,138.56,137.01,137.76
2010/03/19,137.76,138.07,135.6,135.97
2010/03/22,135.75,136.16,134.54,136.09
2010/03/23,136.09,136.52,135.2,136.01
2010/03/24,136.01,137.4,135.45,137.14
2010/03/25,137.14,138.12,136.63,137.31
2010/03/26,137.31,138.02,137.01,137.81
2010/03/29,137.85,139.09,137.63,138.55
2010/03/30,138.55,140.49,137.99,139.82
2010/03/31,139.82,141.97,139.73,141.82
2010/04/01,141.82,143.59,141.74,143.43
2010/04/02,143.43,143.95,142.72,143.71
2010/04/05,144.3,144.69,143.75,144.29
2010/04/06,144.29,144.38,142.07,143.15
2010/04/07,143.15,143.82,141.77,142.22
2010/04/08,142.22,142.75,140.94,142.61
2010/04/09,142.61,144.28,142.57,143.28
2010/04/12,143.68,144.46,143.16,143.28
2010/04/13,143.28,143.72,142,143.26
2010/04/14,143.26,144.59,143.21,144.19
2010/04/15,144.19,145,143.24,144.12
2010/04/16,144.12,144.22,141.33,141.74
2010/04/19,140.56,141.74,139.37,141.67
2010/04/20,141.67,143.53,141.52,143.12
2010/04/21,143.12,144.13,142.59,143.59
2010/04/22,143.59,144.13,142.39,143.72
2010/04/23,143.72,144.7,143.1,144.56
2010/04/26,144.58,145.94,144.49,145.24
2010/04/27,145.24,145.39,141.58,142.33
2010/04/28,142.33,143.44,141.69,142.94
2010/04/29,142.94,144.34,142.19,144.05
2010/04/30,144.05,145.19,143.26,143.66
2010/05/03,143.92,144.59,142.97,144.13
2010/05/04,144.13,144.85,142.59,143.14
2010/05/05,143.14,144.01,141.2,141.67
2010/05/06,141.67,142.25,129.95,134.34
2010/05/07,134.34,138.19,133.13,135.38
2010/05/10,136.34,140.55,135.87,138.5
2010/05/11,138.5,139.65,135.89,138.52
2010/05/12,138.52,139.8,137.4,138.15
2010/05/13,138.15,139.46,135.31,135.55
2010/05/14,135.55,136.02,133.2,134.19
2010/05/17,134.22,134.24,131.03,133.99
2010/05/18,133.99,134.78,131.82,132.18
2010/05/19,132.18,132.53,129.74,132.38
2010/05/20,132.38,132.79,126.7,128.83
2010/05/21,128.83,130.76,127.72,130.38
2010/05/24,130.35,131.33,129.13,130.18
2010/05/25,130.18,130.21,127.6,129.93
2010/05/26,129.93,130.56,129.03,129.38
2010/05/27,129.38,132.99,129.07,132.69
2010/05/28,132.69,133.19,130.88,131.36
2010/05/31,131.54,132.93,131.35,132.61
2010/06/01,132.61,134.42,130.8,133.27
2010/06/02,133.27,135.38,133,134.93
2010/06/03,134.93,136.42,134.53,135.41
2010/06/04,135.41,136.21,132.14,132.65
2010/06/07,131.92,133.81,131.03,132.18
2010/06/08,132.18,133.37,130.4,132.26
2010/06/09,132.26,133.73,131.41,132.6
2010/06/10,132.6,134.4,132.22,134.38
2010/06/11,134.38,135.13,132.68,133.15
2010/06/14,133.6,135.84,133.58,134.97
2010/06/15,134.97,135.6,133.92,135.36
2010/06/16,135.36,135.92,134.53,134.7
2010/06/17,134.7,135.48,133.52,134.82
2010/06/18,134.82,135.14,133.99,134.46
2010/06/21,134.16,135.97,133.99,134.44
2010/06/22,134.44,134.75,133.08,134.16
2010/06/23,134.16,134.93,133.72,134.26
2010/06/24,134.26,134.81,133.45,133.81
2010/06/25,133.81,134.47,133.1,134.4
2010/06/28,134.4,135.22,134.17,134.94
2010/06/29,134.94,135.08,132.79,133.43
2010/06/30,133.43,133.55,131.99,132.15
2010/07/01,132.15,133.05,131.24,132.9
2010/07/02,132.9,133.85,132.65,133.35
2010/07/05,133.35,133.61,132.37,132.82
2010/07/06,132.82,133.62,131.87,132.55
2010/07/07,132.55,133.31,131.25,133.15
2010/07/08,133.15,134.57,132.97,133.96
2010/07/09,133.96,134.63,133.22,133.49
2010/07/12,133.57,133.99,132.57,133.18
2010/07/13,133.18,134.64,132.43,134.6
2010/07/14,134.6,135.79,134.29,134.92
2010/07/15,134.92,135.49,133.99,135.07
2010/07/16,135.07,135.18,132,132.56
2010/07/19,132.56,133.39,131.78,132.02
2010/07/20,132.02,133.69,131.48,133.49
2010/07/21,133.49,133.72,131.57,131.93
2010/07/22,131.93,133.23,130.82,132.66
2010/07/23,132.66,134.95,132.42,134.68
2010/07/26,134.99,135.53,134.4,134.53
2010/07/27,134.53,137.19,134.43,137.04
2010/07/28,137.04,137.5,135.89,136.37
2010/07/29,136.37,136.84,134.95,135.51
2010/07/30,135.51,135.99,134.19,135.52
2010/08/02,135.58,137.62,135.55,137.37
2010/08/03,137.37,137.74,136.32,136.8
2010/08/04,136.8,137.17,135.84,136.99
2010/08/05,136.99,137.45,135.77,136.36
2010/08/06,136.36,137,135.47,136.3
2010/08/09,136.27,136.93,136.15,136.53
2010/08/10,136.53,136.73,134.92,135.38
2010/08/11,135.38,135.48,132.8,133.56
2010/08/12,133.56,134.67,132.98,133.78
2010/08/13,133.78,134.76,133.34,134.49
2010/08/16,134.33,134.41,133.17,133.63
2010/08/17,133.63,133.89,133.06,133.29
2010/08/18,133.29,133.69,132.38,133.2
2010/08/19,133.2,134,132.8,133.15
2010/08/20,133.15,133.28,131.96,133
2010/08/23,133.05,133.32,132.01,132.09
2010/08/24,132.09,132.1,128.78,129.15
2010/08/25,129.15,131.02,129.15,130.69
2010/08/26,130.69,131.98,130.69,131.13
2010/08/27,131.13,132.52,130.44,132.4
2010/08/30,132.7,133.56,130.59,130.78
2010/08/31,130.78,130.93,128.63,129.25
2010/09/01,129.25,130.88,128.8,130.42
2010/09/02,130.42,130.59,129.16,129.82
2010/09/03,129.82,131.61,129.61,130.5
2010/09/06,130.5,130.64,129.24,129.61
2010/09/07,129.61,129.67,127.89,128.69
2010/09/08,128.69,130.28,128.02,129.76
2010/09/09,129.76,129.94,128.56,129.2
2010/09/10,129.2,130.01,128.98,129.28
2010/09/13,129.51,130.06,128.77,129.1
2010/09/14,129.1,129.39,127.63,129.04
2010/09/15,129.04,134.02,128.54,133.86
2010/09/16,133.86,134.24,132.97,133.99
2010/09/17,133.99,135.02,133.66,134.05
2010/09/20,134.06,134.4,133.2,133.22
2010/09/21,133.22,133.43,132.33,132.87
2010/09/22,132.87,133.36,131.72,132.27
2010/09/23,132.27,132.73,131.81,132.35
2010/09/24,132.35,133.71,132.15,133.34
2010/09/27,133.46,133.62,132.92,133.37
2010/09/28,133.37,133.72,131.95,132.5
2010/09/29,132.5,132.88,131.82,132.1
2010/09/30,132.1,132.7,130.83,131.18
2010/10/01,131.18,132.04,131.1,131.85
2010/10/04,131.87,132.34,131.16,131.92
2010/10/05,131.92,132.97,131.86,132.2
2010/10/06,132.2,132.39,131.43,131.74
2010/10/07,131.74,131.84,130.46,130.79
2010/10/08,130.79,130.96,130.16,130.91
2010/10/11,130.52,130.97,130.28,130.3
2010/10/12,130.3,130.73,128.97,129.15
2010/10/13,129.15,130.12,129,129.99
2010/10/14,129.99,130.46,129.65,130.4
2010/10/15,130.4,130.66,130,130.13
2010/10/18,130.17,130.18,128.68,129.02
2010/10/19,129.02,129.39,127.77,128.1
2010/10/20,128.1,128.73,127.38,128.48
2010/10/21,128.48,129.17,127.49,127.66
2010/10/22,127.66,127.91,127.08,127.58
2010/10/25,127.43,127.72,126.44,127.07
2010/10/26,127.07,129.11,126.81,129
2010/10/27,129,129.55,128.52,128.88
2010/10/28,128.88,129.33,128.03,129.12
2010/10/29,129.12,129.25,127.93,128.89
2010/11/01,128.8,130.21,128.8,129.05
2010/11/02,129.05,129.63,128.95,129.25
2010/11/03,129.25,131.21,129.02,130.39
2010/11/04,130.39,131.47,130.11,131.3
2010/11/05,131.3,131.97,130.48,131.65
2010/11/08,131.61,131.61,130.53,131.02
2010/11/09,131.02,131.03,129.82,130.64
2010/11/10,130.64,133.04,130.34,132.6
2010/11/11,132.6,133.2,132.25,132.95
2010/11/12,132.95,133.53,130.97,133
2010/11/15,132.93,133.72,132.88,133.36
2010/11/16,133.36,133.73,132.18,132.35
2010/11/17,132.35,132.94,132.2,132.31
2010/11/18,132.31,134.17,132.2,133.91
2010/11/19,133.91,134.18,133.03,133.4
2010/11/22,133.54,134.15,132.61,132.91
2010/11/23,132.91,133.33,130.83,131.18
2010/11/24,131.18,131.96,130.83,131.72
2010/11/25,131.72,131.98,131.35,131.71
2010/11/26,131.71,132.06,130.96,131.12
2010/11/29,131.23,131.35,130.86,131.14
2010/11/30,131.14,131.22,129.33,130.18
2010/12/01,130.18,131.56,129.91,131.45
2010/12/02,131.45,131.71,130.18,130.67
2010/12/03,130.67,131.02,129.46,130.45
2010/12/06,130.43,130.58,129.53,129.84
2010/12/07,129.84,131.77,129.53,131.58
2010/12/08,131.58,132.96,131.33,132.72
2010/12/09,132.72,132.89,131.74,131.99
2010/12/10,131.99,132.7,131.92,132.66
2010/12/13,132.69,133,131.8,132.24
2010/12/14,132.24,132.62,131.28,131.9
2010/12/15,131.9,132.26,130.77,130.95
2010/12/16,130.95,131.58,130.85,131.16
2010/12/17,131.16,131.4,130,130.22
2010/12/20,130.27,130.44,129.55,129.95
2010/12/21,129.95,130.28,129.25,129.53
2010/12/22,129.53,129.69,128.33,128.59
2010/12/23,128.59,128.74,127.44,127.88
2010/12/24,127.88,128.39,127.8,127.97
2010/12/27,128.02,128.02,127.38,127.7
2010/12/28,127.7,127.98,126.09,126.6
2010/12/29,126.6,126.79,126.1,126.48
2010/12/30,126.48,126.64,125.49,125.72
2010/12/31,125.72,126.64,125.65,126.53
2011/01/03,126.27,126.53,125.76,126.51
2011/01/04,126.51,128.55,126.3,127.88
2011/01/05,127.88,129.19,127.44,129.12
2011/01/06,129.12,129.27,128.41,128.85
2011/01/07,128.85,129.37,128.44,129.03
2011/01/10,129.14,129.31,128.3,128.79
2011/01/11,128.79,130.32,128.72,129.85
2011/01/12,129.85,131.1,129.6,130.82
2011/01/13,130.82,131.39,130.49,131.13
2011/01/14,131.13,131.83,130.44,131.69
2011/01/17,131.6,131.69,130.97,131.34
2011/01/18,131.34,132.46,131.27,131.77
2011/01/19,131.77,132.12,130.82,131.17
2011/01/20,131.17,132.08,130.65,131.86
2011/01/21,131.86,132.29,131.47,132.08
2011/01/24,132.29,132.3,131.68,131.91
2011/01/25,131.91,131.99,129.62,130.05
2011/01/26,130.05,131.04,129.49,130.88
2011/01/27,130.88,132.62,130.56,131.98
2011/01/28,131.98,132.04,129.79,130.2
2011/01/31,130.1,131.54,129.83,131.33
2011/02/01,131.33,131.93,130.93,131.32
2011/02/02,131.32,132.28,131.2,131.97
2011/02/03,131.97,132.92,131.45,131.67
2011/02/04,131.67,132.69,130.93,132.31
2011/02/07,132.31,133.22,132.25,132.62
2011/02/08,132.62,132.87,131.56,132.26
2011/02/09,132.26,132.95,132.09,132.57
2011/02/10,132.57,134.2,132.5,133.95
2011/02/11,133.95,134.18,133.24,133.51
2011/02/14,133.58,133.72,133.17,133.57
2011/02/15,133.57,135.42,133.44,135.07
2011/02/16,135.07,135.43,134.16,134.62
2011/02/17,134.62,134.9,134.34,134.67
2011/02/18,134.67,135.47,134.44,134.88
2011/02/21,135.08,135.12,134.68,134.87
2011/02/22,134.87,135.49,133.24,133.51
2011/02/23,133.51,134.59,133.36,133.7
2011/02/24,133.7,133.86,131.49,132.1
2011/02/25,132.1,132.42,131.1,131.52
2011/02/28,131.43,133.27,131.26,132.92
2011/03/01,132.92,134.08,132.87,133.1
2011/03/02,133.1,133.73,132.82,133.58
2011/03/03,133.58,134.16,132.92,134.12
2011/03/04,134.12,135.13,133.64,133.86
2011/03/07,133.93,134.03,132.91,133.22
2011/03/08,133.22,133.74,133.1,133.57
2011/03/09,133.57,134.26,133.51,134
2011/03/10,134,134.3,132.9,133.2
2011/03/11,133.2,133.68,130.84,131.66
2011/03/14,130.92,132.32,130.51,132.01
2011/03/15,132.01,132.5,129.17,129.78
2011/03/16,129.78,130.51,127.64,127.66
2011/03/17,127.66,127.97,123.07,127.29
2011/03/18,127.29,132.47,127.18,131.02
2011/03/21,131.07,132.28,130.91,132.09
2011/03/22,132.09,132.95,131.77,132.47
2011/03/23,132.47,132.7,131.15,131.32
2011/03/24,131.32,131.65,130.19,130.43
2011/03/25,130.43,131.02,130.18,130.48
2011/03/28,130.41,131.03,130.24,130.61
2011/03/29,130.61,131.97,130.3,131.97
2011/03/30,131.97,133.6,131.8,133.18
2011/03/31,133.18,133.8,132.45,133.3
2011/04/01,133.3,135.78,133.3,135.5
2011/04/04,135.55,136.08,135.18,135.55
2011/04/05,135.55,138.24,135.47,138.23
2011/04/06,138.23,139.64,138.07,139.56
2011/04/07,139.56,139.58,137.87,138.67
2011/04/08,138.67,139.97,138.43,138.8
2011/04/11,139.1,139.5,137.99,138.27
2011/04/12,138.27,138.54,135.72,135.88
2011/04/13,135.88,137.16,135.66,136.32
2011/04/14,136.32,136.71,135.28,136.44
2011/04/15,136.44,137,135.35,135.41
2011/04/18,135.49,135.83,132.98,134.38
2011/04/19,134.38,134.79,133.75,134.73
2011/04/20,134.73,135.77,134.61,135.37
2011/04/21,135.37,135.9,134.69,135.18
2011/04/22,135.18,135.72,134.79,135.3
2011/04/25,135.4,135.89,134.71,134.94
2011/04/26,134.94,135.11,134.24,134.36
2011/04/27,134.36,136.66,134.07,136.53
2011/04/28,136.53,137,135.49,135.55
2011/04/29,135.55,135.99,135.17,135.46
2011/05/02,135.63,136.07,135.07,135.17
2011/05/03,135.17,135.32,132.92,133.41
2011/05/04,133.41,134.22,132.74,132.92
2011/05/05,132.92,133.19,130.88,131.2
2011/05/06,131.2,132.78,131.14,132.02
2011/05/09,132.11,132.32,131.22,131.73
2011/05/10,131.73,132.45,131.43,132.31
2011/05/11,132.31,134,131.8,132.43
2011/05/12,132.43,133.16,131.21,131.82
2011/05/13,131.82,131.98,130.25,130.79
2011/05/16,130.59,131.45,130.37,130.84
2011/05/17,130.84,133.13,130.74,132.25
2011/05/18,132.25,132.46,130.76,131.96
2011/05/19,131.96,132.92,131.82,132.45
2011/05/20,132.45,132.93,132.11,132.7
2011/05/23,132.6,132.87,131.27,132.16
2011/05/24,132.16,133.08,131.42,132.56
2011/05/25,132.56,133.65,132.07,133.36
2011/05/26,133.36,133.76,132.6,133.26
2011/05/27,133.26,133.61,132.69,133.22
2011/05/30,133.34,133.45,132.99,133.26
2011/05/31,133.26,135.08,133.24,134.03
2011/06/01,134.03,134.31,132.04,132.19
2011/06/02,132.19,132.8,131.77,132.37
2011/06/03,132.37,132.52,130.65,131.78
2011/06/06,131.8,132.24,130.8,130.95
2011/06/07,130.95,132.03,130.83,131.72
2011/06/08,131.72,131.91,130.47,130.97
2011/06/09,130.97,131.94,130.87,131.49
2011/06/10,131.49,131.63,129.78,130.28
2011/06/13,130.15,131.4,130.15,131.32
2011/06/14,131.32,132.27,131.02,131.66
2011/06/15,131.66,131.99,130.67,131.03
2011/06/16,131.03,131.28,129.74,130.26
2011/06/17,130.26,130.33,129.34,129.43
2011/06/20,129.49,130.18,128.9,129.97
2011/06/21,129.97,130.32,129.66,130.21
2011/06/22,130.21,130.49,128.94,129.08
2011/06/23,129.08,129.31,128.46,128.8
2011/06/24,128.8,128.98,128.2,128.45
2011/06/27,128.44,129.49,128.28,129.31
2011/06/28,129.31,129.92,128.63,129.74
2011/06/29,129.74,130.04,129.09,129.69
2011/06/30,129.69,129.83,128.41,129.27
2011/07/01,129.27,130.02,129.04,129.85
2011/07/04,129.87,130.12,129.64,129.91
2011/07/05,129.91,130.79,129.73,130.17
2011/07/06,130.17,130.27,128.95,129.44
2011/07/07,129.44,130.07,129.06,129.7
2011/07/08,129.7,130.01,128.89,129.31
2011/07/11,129.36,129.39,127.41,127.64
2011/07/12,127.64,127.82,125.1,126.09
2011/07/13,126.09,127.33,124.87,127.12
2011/07/14,127.12,128.1,126.8,127.7
2011/07/15,127.7,127.98,127.16,127.56
2011/07/18,127.59,127.59,126.63,126.85
2011/07/19,126.85,127.83,126.75,127.59
2011/07/20,127.59,127.83,126.71,127.17
2011/07/21,127.17,128.19,127,127.85
2011/07/22,127.85,128.37,127.46,127.82
2011/07/25,127.85,128.04,127.09,127.4
2011/07/26,127.4,128.27,127,127.74
2011/07/27,127.74,128.07,127.17,127.3
2011/07/28,127.3,127.41,126.69,127.12
2011/07/29,127.12,127.34,126.08,126.35
2011/08/01,126.84,128.47,124.18,125.75
2011/08/02,125.75,126.87,125.3,125.71
2011/08/03,125.71,126.58,125.26,126.48
2011/08/04,126.48,130.79,126.38,128.23
2011/08/05,128.23,129,127.38,128.56
2011/08/08,128.45,128.85,126.45,126.92
2011/08/09,126.92,126.99,124.5,125.51
2011/08/10,125.51,126.2,123.29,123.96
2011/08/11,123.96,124.8,123.37,124.71
2011/08/12,124.71,125.15,123.93,125
2011/08/15,125.15,125.97,124.97,125.89
2011/08/16,125.89,126.39,125.28,126.32
2011/08/17,126.32,126.93,125.25,126.62
2011/08/18,126.62,126.75,125.64,126.44
2011/08/19,126.44,126.75,125.71,126
2011/08/22,126.38,127.26,126.12,126.31
2011/08/23,126.44,126.93,126.1,126.42
2011/08/24,126.43,126.74,125.58,126.02
2011/08/25,125.84,126.51,125.7,126.07
2011/08/26,126.03,126.17,124.47,125.32
2011/08/29,125.42,126.53,125.26,126
2011/08/30,126.15,126.32,124.64,125.05
2011/08/31,124.99,125.27,124.23,124.51
2011/09/01,124.43,125.32,124.12,124.42
2011/09/02,124.33,124.67,124.1,124.62
2011/09/05,124.28,124.4,123.49,123.85
2011/09/06,123.95,125.04,123,123.81
2011/09/07,123.73,123.89,123.18,123.47
2011/09/08,123.43,124.33,123.11,123.68
2011/09/09,123.61,124.19,122.33,123.05
2011/09/12,122.83,122.99,121.28,122.46
2011/09/13,122.46,122.46,121.24,121.34
2011/09/14,121.39,121.54,120.68,120.83
2011/09/15,120.89,122.22,120.63,121.18
2011/09/16,121.19,121.72,120.77,121.35
2011/09/19,121.03,121.04,119.43,120.23
2011/09/20,120.08,120.54,119.75,120.28
2011/09/21,120.25,120.56,118.33,118.48
2011/09/22,118.45,119.09,116.8,116.88
2011/09/23,116.94,118.74,116.93,118.61
2011/09/26,118.37,118.99,117.73,118.79
2011/09/27,118.85,120.4,118.48,120.02
2011/09/28,120.07,120.19,118.94,119.32
2011/09/29,119.23,120.82,118.75,120.01
2011/09/30,119.96,120.75,119.1,120.26
2011/10/03,120.18,120.33,118.2,118.2
2011/10/04,118.18,119.06,117.7,118.92
2011/10/05,119.06,119.09,118.06,118.71
2011/10/06,118.68,118.82,116.93,118.3
2011/10/07,118.35,119.97,118.23,119.45
2011/10/10,119.3,120.28,119.13,120.14
2011/10/11,119.95,120.13,119.33,119.33
2011/10/12,119.55,122.33,119.2,121.64
2011/10/13,121.6,121.66,120.3,121.11
2011/10/14,121.1,122.58,120.93,121.97
2011/10/17,122.09,122.6,120.77,120.78
2011/10/18,120.85,121.53,119.97,120.65
2011/10/19,120.63,121.68,120.4,121.08
2011/10/20,121.12,121.48,120.35,121.16
2011/10/21,121.34,122.04,120.77,121.44
2011/10/24,121.49,122.05,120.96,121.43
2011/10/25,121.69,121.99,120.9,121.49
2011/10/26,121.65,121.92,120.67,121.61
2011/10/27,121.72,122.47,121.1,122.2
2011/10/28,122.29,122.34,121.8,121.83
2011/10/31,122.18,127.27,121.84,125.73
2011/11/01,125.7,126.74,124.24,124.97
2011/11/02,124.8,125.25,124.34,124.48
2011/11/03,124.43,125.26,123.89,125.21
2011/11/04,125.12,125.52,124.6,125.4
2011/11/07,125.4,125.56,124.78,125.32
2011/11/08,125.23,125.57,124.95,125.04
2011/11/09,125.06,125.14,123.6,123.9
2011/11/10,123.81,124.05,123.06,123.66
2011/11/11,123.66,124.12,122.95,124.04
2011/11/14,123.97,124.12,122.32,122.59
2011/11/15,122.57,123.12,121.65,121.83
2011/11/16,121.87,121.89,121.12,121.2
2011/11/17,121.14,121.66,120.88,121.25
2011/11/18,121.28,121.75,121,121.48
2011/11/21,121.43,121.48,120,120.2
2011/11/22,120.23,120.93,120.11,120.31
2011/11/23,120.36,120.44,119.8,119.99
2011/11/24,120.03,120.13,119.37,119.44
2011/11/25,119.46,120.43,119.37,120.01
2011/11/28,120.07,121.63,119.91,120.9
2011/11/29,120.93,121.78,120.73,121.48
2011/11/30,121.63,122.45,120.99,121.85
2011/12/01,121.72,122.45,121.43,121.87
2011/12/02,121.84,122.54,121.29,121.68
2011/12/05,121.74,122.24,121.44,121.76
2011/12/06,121.7,121.77,120.94,121.26
2011/12/07,121.21,122.15,121.07,121.99
2011/12/08,121.94,121.99,120.92,121.26
2011/12/09,121.31,122.17,121,121.45
2011/12/12,121.45,121.74,120.69,121.34
2011/12/13,121.39,121.64,120.49,120.78
2011/12/14,120.7,121.08,120.28,120.68
2011/12/15,120.71,120.88,120.45,120.73
2011/12/16,120.8,121.13,120.41,120.87
2011/12/19,120.55,121.06,120.5,120.87
2011/12/20,120.88,122.12,120.84,121.91
2011/12/21,121.89,122.53,121.83,122.31
2011/12/22,122.29,122.73,122.18,122.47
2011/12/23,122.44,122.65,121.69,121.77
2011/12/26,121.55,122.02,121.55,121.69
2011/12/27,121.69,122.19,121.57,121.96
2011/12/28,121.97,122,120.32,120.45
2011/12/29,120.56,120.56,119.44,119.61
2011/12/30,119.65,120,119.24,119.55
2012/01/03,119.28,120.12,119.14,120.01
2012/01/04,120.03,120.15,119.58,119.82
2012/01/05,119.84,119.92,119.13,119.49
2012/01/06,119.52,119.69,118.5,118.75
2012/01/09,118.57,118.83,118.24,118.73
2012/01/10,118.79,119.04,118.68,118.91
2012/01/11,118.88,119.09,117.69,117.8
2012/01/12,117.8,118.06,117.5,117.66
2012/01/13,117.76,118.14,117.28,117.76
2012/01/16,117.47,117.74,117.33,117.64
2012/01/17,117.61,118.23,117.55,117.79
2012/01/18,117.81,118.57,117.53,118.54
2012/01/19,118.46,119.67,118.27,119.39
2012/01/20,119.36,119.92,119.16,119.83
2012/01/23,119.77,120.16,119.48,119.84
2012/01/24,119.83,121.39,119.63,121.31
2012/01/25,121.32,122.02,121.15,121.72
2012/01/26,121.67,121.82,121.29,121.45
2012/01/27,121.46,121.56,119.98,120.57
2012/01/30,120.67,120.72,119.55,119.88
2012/01/31,119.9,120.57,119.73,120.16
2012/02/01,120.11,120.92,119.58,120.64
2012/02/02,120.63,120.73,120.2,120.43
2012/02/03,120.42,121.16,120.23,121
2012/02/06,121,121.2,120.47,121.11
2012/02/07,121.04,122.18,120.95,121.99
2012/02/08,121.99,122.82,121.39,121.82
2012/02/09,121.82,122.93,121.68,122.81
2012/02/10,122.82,123.12,122.03,122.37
2012/02/13,122.4,122.87,122.16,122.27
2012/02/14,122.28,123.12,121.68,123.06
2012/02/15,123.03,123.44,122.6,123.04
2012/02/16,122.98,124.79,122.78,124.68
2012/02/17,124.53,126.03,124.49,125.86
2012/02/20,126.42,126.77,125.76,126.16
2012/02/21,126.16,126.61,125.63,125.77
2012/02/22,125.71,126.57,125.57,125.76
2012/02/23,125.72,126.19,125.44,125.88
2012/02/24,125.8,128.92,125.78,128.87
2012/02/27,129.17,129.75,126.93,127.53
2012/02/28,127.48,128.19,126.68,127.89
2012/02/29,127.91,129.56,127.78,129.09
2012/03/01,129.21,129.53,128.73,129.37
2012/03/02,129.4,130.04,129.13,129.4
2012/03/05,129.4,129.63,128.15,129.32
2012/03/06,129.35,129.44,126.54,127.09
2012/03/07,127.05,127.8,126.63,127.6
2012/03/08,127.61,129.22,127.53,129.09
2012/03/09,129.06,129.69,128.63,129.18
2012/03/12,129.22,129.24,128.13,128.58
2012/03/13,128.65,130.49,128.25,130.22
2012/03/14,130.19,131.42,130.1,131.23
2012/03/15,131.11,131.66,130.2,131.23
2012/03/16,131.18,132.38,130.88,132.1
2012/03/19,132.17,132.62,131.44,132.38
2012/03/20,132.36,132.93,132.25,132.71
2012/03/21,132.68,133.42,132.18,132.36
2012/03/22,132.31,132.46,130.08,130.6
2012/03/23,130.6,131.51,129.98,130.74
2012/03/26,130.79,132.31,130.73,132.23
2012/03/27,132.23,133.32,132.01,132.61
2012/03/28,132.65,132.69,131,131.66
2012/03/29,131.63,131.78,130.13,131.51
2012/03/30,131.39,132.65,130.62,132.62
2012/04/02,132.62,133.21,131.18,131.51
2012/04/03,131.51,131.92,130.76,131.73
2012/04/04,131.77,131.82,130.25,130.97
2012/04/05,130.91,131.1,129.5,130.32
2012/04/06,130.22,130.82,129.16,129.46
2012/04/09,129.46,129.85,128.83,129.5
2012/04/10,129.58,130.18,127.87,127.96
2012/04/11,127.97,129.13,127.87,128.58
2012/04/12,128.62,129.29,128.58,129.07
2012/04/13,129.05,129.52,128.13,128.17
2012/04/16,128.22,128.29,127.1,127.8
2012/04/17,127.84,128.92,127.53,128.68
2012/04/18,128.7,130.39,128.7,130.14
2012/04/19,130.16,131.05,130.07,130.9
2012/04/20,130.99,131.74,130.84,131.51
2012/04/23,131.54,131.68,130.19,130.88
2012/04/24,130.82,131.36,130.32,131.24
2012/04/25,131.24,131.74,130.52,131.45
2012/04/26,131.43,131.55,130.51,131.06
2012/04/27,131.04,131.71,130.17,130.47
2012/04/30,130.62,130.81,129.36,129.55
2012/05/01,129.53,130.1,129.07,129.88
2012/05/02,129.85,130.71,129.48,129.77
2012/05/03,129.77,130.39,129.67,129.69
2012/05/04,129.72,129.92,128.84,129
2012/05/07,128.75,129.47,128.39,129.29
2012/05/08,129.33,129.53,128.62,129.01
2012/05/09,128.99,129.09,127.82,128.41
2012/05/10,128.48,129.34,128.11,129.06
2012/05/11,129.03,129.03,128.26,128.38
2012/05/14,128.38,128.83,128,128.46
2012/05/15,128.51,128.71,128.03,128.22
2012/05/16,128.22,128.48,127.67,127.79
2012/05/17,127.77,127.94,125.15,125.27
2012/05/18,125.32,125.6,124.64,125.05
2012/05/21,125.05,125.79,124.93,125.53
2012/05/22,125.46,126.4,125.42,125.93
2012/05/23,125.9,126.13,124.3,124.69
2012/05/24,124.66,124.91,124.13,124.68
2012/05/25,124.71,124.93,124.41,124.71
2012/05/28,124.81,124.91,124.38,124.61
2012/05/29,124.59,124.94,123.88,124.32
2012/05/30,124.3,124.37,122.33,122.34
2012/05/31,122.39,122.47,120.15,120.61
2012/06/01,120.66,120.99,118.79,119.82
2012/06/04,119.93,120.61,119.75,120.44
2012/06/05,120.47,121.29,119.73,121.05
2012/06/06,121.11,122.92,120.85,122.65
2012/06/07,122.65,124.29,122.29,123.6
2012/06/08,123.62,123.79,121.88,122.83
2012/06/11,123.39,124.02,122.92,122.99
2012/06/12,122.92,123.94,122.55,123.74
2012/06/13,123.91,124.22,123.07,123.19
2012/06/14,123.16,123.47,122.75,123.46
2012/06/15,123.45,123.59,122.12,123.59
2012/06/18,124.09,124.59,123.33,123.9
2012/06/19,123.92,124.46,123.19,124.11
2012/06/20,124.11,125.31,123.55,125
2012/06/21,124.8,125.77,124.61,125.22
2012/06/22,125.19,125.7,124.76,125.39
2012/06/25,125.46,125.61,123.58,124.05
2012/06/26,124.03,124.39,123.49,124.33
2012/06/27,124.27,124.5,123.85,124.07
2012/06/28,124.03,124.14,122.9,123.25
2012/06/29,123.22,125.42,122.86,125.35
2012/07/02,125.28,125.44,124.29,124.74
2012/07/03,124.73,125.4,124.57,125.16
2012/07/04,125.16,125.26,124.23,124.5
2012/07/05,124.48,124.84,123.84,124.04
2012/07/06,124.04,124.23,123.05,123.33
2012/07/09,123.34,123.64,122.96,123.52
2012/07/10,123.5,123.56,122.75,123.21
2012/07/11,123.16,123.94,122.94,123.6
2012/07/12,123.59,123.95,121.99,122.32
2012/07/13,122.24,123.46,122.15,123.32
2012/07/16,123.33,123.46,122.49,123.26
2012/07/17,123.27,123.84,122.95,123.74
2012/07/18,123.72,123.87,123.09,123.3
2012/07/19,123.33,123.63,122.91,123.51
2012/07/20,123.51,123.75,122.46,122.56
2012/07/23,122.49,122.49,121.12,121.54
2012/07/24,121.52,121.65,120.94,121.21
2012/07/25,121.19,121.65,120.9,121.05
2012/07/26,121.07,122.95,120.8,122.65
2012/07/27,122.64,123.72,122.44,123.58
2012/07/30,123.47,123.52,122.47,122.78
2012/07/31,122.8,122.99,122.21,122.42
2012/08/01,122.44,122.64,121.77,121.84
2012/08/02,121.82,122.57,121.13,121.32
2012/08/03,121.37,123,121.06,122.84
2012/08/06,122.8,123.13,121.72,122.06
2012/08/07,121.98,123.21,121.77,122.77
2012/08/08,122.77,122.93,121.88,122.79
2012/08/09,122.77,123.15,122.39,122.85
2012/08/10,122.81,122.92,121.77,122.76
2012/08/13,122.77,123.04,122.39,122.81
2012/08/14,122.81,123.88,122.76,123.38
2012/08/15,123.42,123.99,123.28,123.79
2012/08/16,123.78,124.88,123.72,124.84
2012/08/17,124.83,124.92,124.48,124.81
2012/08/20,124.8,124.96,124.56,124.73
2012/08/21,124.74,125.46,124.6,125.13
2012/08/22,125.1,125.47,124.06,124.74
2012/08/23,124.74,124.94,124.3,124.44
2012/08/24,124.48,124.77,124.1,124.33
2012/08/27,124.3,124.59,124.2,124.34
2012/08/28,124.34,124.37,123.68,124.16
2012/08/29,124.19,124.72,124.04,124.57
2012/08/30,124.58,124.76,123.89,124.09
2012/08/31,124.09,124.56,123.73,124.3
2012/09/03,124.32,124.51,123.94,124.26
2012/09/04,124.27,124.75,124.27,124.42
2012/09/05,124.48,124.9,124.01,124.62
2012/09/06,124.64,125.83,124.6,125.61
2012/09/07,125.65,126.15,125,125.16
2012/09/10,125.16,125.34,124.88,125.14
2012/09/11,125.13,125.34,124.67,124.93
2012/09/12,124.94,125.58,124.89,125.32
2012/09/13,125.36,125.43,124.44,125.14
2012/09/14,125.14,127.21,125.07,127.09
2012/09/17,127.09,128.19,126.82,127.83
2012/09/18,127.87,128.05,127.43,128
2012/09/19,127.93,128.79,126.93,127.06
2012/09/20,127.12,127.25,126.2,126.83
2012/09/21,126.86,127.58,126.8,126.82
2012/09/24,126.85,126.87,125.95,126.22
2012/09/25,126.26,126.65,125.79,125.91
2012/09/26,125.94,126.07,125.32,125.62
2012/09/27,125.58,126.07,125.56,125.94
2012/09/28,125.98,126.17,125.41,125.91
2012/10/01,125.92,126.26,125.48,125.77
2012/10/02,125.79,126.4,125.75,126.05
2012/10/03,126.06,126.42,125.78,126.14
2012/10/04,126.16,127.06,126.13,127.04
2012/10/05,127.06,127.77,126.74,126.92
2012/10/08,126.9,127.01,125.12,125.49
2012/10/09,125.46,125.79,124.92,125.19
2012/10/10,125.17,125.58,124.96,125.1
2012/10/11,125.1,126.08,124.72,125.66
2012/10/12,125.71,126.13,125.5,125.97
2012/10/15,126.01,126.65,125.52,126.35
2012/10/16,126.44,127.28,126.42,127.08
2012/10/17,127.11,127.62,126.74,127.43
2012/10/18,127.42,128.18,127.1,127.13
2012/10/19,127.14,127.47,126.75,126.85
2012/10/22,126.88,128.14,126.69,127.97
2012/10/23,128.01,128.14,126.93,127.34
2012/10/24,127.36,128.05,127.09,127.97
2012/10/25,127.96,129.59,127.91,129.4
2012/10/26,129.44,129.53,127.97,128.1
2012/10/29,128.09,128.28,127.54,127.89
2012/10/30,127.92,128.41,127,127.95
2012/10/31,127.95,128.86,127.84,128.61
2012/11/01,128.64,129.39,128.61,129.23
2012/11/02,129.27,129.55,128.68,128.83
2012/11/05,128.75,129.03,127.98,128.27
2012/11/06,128.19,128.68,127.84,128.52
2012/11/07,128.53,128.79,127.38,127.85
2012/11/08,127.84,127.84,126.7,126.99
2012/11/09,126.93,127.41,125.93,126.34
2012/11/12,126.25,126.49,125.95,126.17
2012/11/13,126.22,126.59,125.63,125.96
2012/11/14,126.01,127.46,125.97,127.08
2012/11/15,127.07,128.93,126.92,128.73
2012/11/16,128.69,129.22,128.24,129.18
2012/11/19,129.17,129.67,128.91,129.46
2012/11/20,129.39,130.14,129,130.04
2012/11/21,130.12,131.65,129.99,131.61
2012/11/22,131.63,132.27,131.07,131.47
2012/11/23,131.42,132.19,130.78,132.11
2012/11/26,131.95,132.42,131.12,131.5
2012/11/27,131.51,132.04,131.17,131.62
2012/11/28,131.52,131.65,130.44,131.41
2012/11/29,131.34,131.81,131.21,131.7
2012/11/30,131.65,132.75,131.54,131.97
2012/12/03,131.97,132.49,131.58,132.31
2012/12/04,132.25,132.29,131.54,131.79
2012/12/05,131.92,132.71,131.66,132.67
2012/12/06,132.62,132.86,132.04,132.2
2012/12/07,132.18,132.55,131.67,132.22
2012/12/10,132.22,132.42,131.65,132.34
2012/12/11,132.34,133.04,132.33,132.9
2012/12/12,132.88,134.57,132.86,134.42
2012/12/13,134.34,135.03,134.1,134.71
2012/12/14,134.66,135.35,134.28,134.94
2012/12/17,135.82,136.3,135.43,135.9
2012/12/18,135.87,136.86,135.8,136.82
2012/12/19,136.77,137.84,136.76,137.06
2012/12/20,136.77,137.49,136.2,137.33
2012/12/21,137.28,137.39,135.88,136.2
2012/12/24,136.19,136.91,136.19,136.89
2012/12/25,136.82,136.93,136.56,136.82
2012/12/26,136.89,138.18,136.77,138.13
2012/12/27,138.13,139.17,137.88,138.59
2012/12/28,138.73,139.46,138.18,139.04
2012/12/31,138.86,140.33,138.63,140.31
2013/01/02,140.69,142.72,140.55,141.91
2013/01/03,141.88,141.93,140.15,140.49
2013/01/04,140.66,141.77,140.43,141.68
2013/01/07,141.72,142.01,140.49,141.43
2013/01/08,141.36,141.41,139.45,139.7
2013/01/09,139.74,140.98,139.38,140.77
2013/01/10,140.8,143.48,140.8,143.45
2013/01/11,143.55,144.37,142.99,143.77
2013/01/14,143.97,144.79,142.83,143.82
2013/01/15,143.87,144.13,141.63,142.57
2013/01/16,142.65,142.73,140.49,141.41
2013/01/17,141.48,144.2,140.85,143.72
2013/01/18,143.84,144.06,142.5,142.83
2013/01/21,142.92,142.99,141.75,141.86
2013/01/22,141.95,142.73,139.77,140.45
2013/01/23,140.55,140.79,139.24,140.39
2013/01/24,140.33,142.87,139.85,142.6
2013/01/25,142.61,144.19,142.46,143.63
2013/01/28,143.64,143.93,142.17,142.49
2013/01/29,142.23,143.09,141.88,143
2013/01/30,143,144.12,142.88,143.88
2013/01/31,143.85,145.07,143.42,144.88
2013/02/01,145.52,146.44,144.88,145.55
2013/02/04,145.8,146.57,145.19,145.58
2013/02/05,145.43,147.21,144.85,146.56
2013/02/06,146.6,147.19,145.92,146.59
2013/02/07,146.57,147.92,145.98,147.09
2013/02/08,147.05,147.24,145.04,146.41
