EMA12,EMA26,MACD,Signal,Judge,Next Date Value
11000,-0.22999999999998977
00000,0.06999999999999318
00000,0.07000000000000739
00001,0.20999999999999375
00001,-0.23999999999999488
00001,0.44999999999998863
00101,-0.5599999999999881
00001,-0.6099999999999994
00000,0.3299999999999983
00001,0.2599999999999909
00101,0.23000000000000398
10101,-0.20999999999999375
00101,0.5499999999999972
10111,-0.9000000000000057
00010,0.21999999999999886
00111,1.3800000000000097
11111,-0.25
11111,0.5499999999999972
11111,0.29999999999999716
11111,-0.23999999999999488
11111,-0.4000000000000057
11110,0.37000000000000455
11110,0.5899999999999892
11111,-0.029999999999986926
11110,-0.18000000000000682
11110,-0.6799999999999926
01010,-0.7400000000000091
00010,0.8799999999999955
11010,-0.0899999999999892
11010,-0.18999999999999773
01000,-0.6900000000000119
00000,0.46000000000000796
00000,0.09000000000000341
00001,0.4299999999999926
11101,0.480000000000004
11111,0.75
11111,-0.18999999999999773
11111,0.29999999999999716
11111,-0.21000000000000796
11110,0.6500000000000057
11111,-0.25
11110,-0.1799999999999926
11110,0.5899999999999892
11111,0.07000000000000739
11110,-0.2400000000000091
11110,0.5
11111,-0.1799999999999926
11110,0.39000000000000057
11111,-0.23000000000000398
11010,0.6599999999999966
11111,0.8500000000000085
11111,-0.46000000000000796
11110,0.15000000000000568
11110,0.04999999999999716
11110,0.04999999999999716
11110,0.21000000000000796
11110,0.09000000000000341
11110,-0.09000000000000341
11010,-0.75
01000,-0.6400000000000006
00000,-0.37000000000000455
00000,-0.3999999999999915
00000,0.4299999999999926
00000,-0.6500000000000057
00000,-0.3199999999999932
00000,0.1599999999999966
00001,-0.25
00001,0.25
00001,-0.45000000000000284
00001,-0.4399999999999977
00000,-0.2599999999999909
00000,-0.39000000000000057
00000,0.01999999999999602
00001,-1.5300000000000011
00000,0.519999999999996
00001,0.1600000000000108
00001,0.009999999999990905
00001,-0.06999999999999318
00001,0.6799999999999926
00101,0.7900000000000063
10101,0.03999999999999204
10111,-0.6400000000000006
00111,0.6200000000000045
10111,-0.5400000000000063
00110,-0.7399999999999949
00010,0.9300000000000068
10111,-0.060000000000002274
10111,0.5499999999999972
11111,-0.06999999999999318
11111,0.10999999999999943
11111,-0.07000000000000739
11110,-0.28000000000000114
10110,0.04000000000000625
10110,0.8199999999999932
11111,-0.06999999999999318
11111,0.5499999999999972
11111,0.5999999999999943
11111,-0.4099999999999966
11110,-0.3400000000000034
11110,-0.44999999999998863
01010,-0.36000000000001364
00010,0.21000000000000796
01010,-0.3200000000000074
00000,1.3800000000000097
11111,0.4399999999999977
11111,0.12999999999999545
11111,0.9099999999999966
11111,-0.19999999999998863
11111,0.19999999999998863
11111,0.13000000000000966
11110,-0.6200000000000045
11010,0.35999999999999943
11110,0.21000000000000796
11110,0.0
11110,0.4099999999999966
11110,0.4899999999999949
11111,0.5900000000000034
11111,0.6500000000000057
11111,-0.5500000000000114
11110,0.0
11110,-0.14999999999999147
11010,0.8199999999999932
11111,0.6099999999999994
11111,0.75
11111,-0.20999999999999375
11110,0.269999999999996
11110,0.5400000000000063
11111,0.03999999999999204
11110,-0.7399999999999949
11010,0.12999999999999545
11010,0.3299999999999983
11010,0.12000000000000455
11010,-1.8700000000000045
01000,0.6800000000000068
01000,0.1799999999999926
01000,0.0
01000,-0.5300000000000011
01000,0.22000000000001307
01000,0.7799999999999869
11001,0.6600000000000108
11101,-1.1400000000000006
01000,-0.1700000000000017
01000,0.3299999999999983
11001,0.39000000000000057
11001,0.3100000000000023
11101,-0.030000000000001137
11101,-0.9099999999999966
01000,-0.020000000000010232
01000,-0.009999999999990905
01000,-0.3200000000000074
00000,0.37000000000000455
01001,-0.8100000000000023
00000,0.07000000000000739
00000,0.519999999999996
00001,0.10999999999999943
11001,0.45999999999999375
11101,0.8200000000000074
11101,-0.28000000000000114
11111,-0.46000000000000796
11010,0.5
11111,1.0100000000000051
11111,-0.23999999999999488
11111,-0.3299999999999983
11110,-0.35999999999999943
11010,-0.6800000000000068
00010,0.4899999999999949
11000,0.4200000000000017
11101,0.8800000000000097
11111,-0.44000000000001194
11111,-0.14999999999999147
11010,0.6899999999999977
11111,-0.18000000000000682
11110,-0.09999999999999432
11110,1.0900000000000034
11111,1.0499999999999972
11111,0.14000000000000057
11111,-0.3100000000000023
11110,0.030000000000001137
11110,0.769999999999996
11111,-0.4899999999999949
11110,0.5600000000000023
11110,0.14999999999999147
11110,0.10000000000000853
11110,1.1499999999999915
11111,0.30000000000001137
11111,-0.4900000000000091
11110,-0.9899999999999949
11010,-0.480000000000004
01000,1.0
11000,0.0799999999999983
11000,0.38000000000000966
11001,0.30999999999998806
11101,-0.9699999999999989
01000,-0.6299999999999955
01000,1.2999999999999972
11001,0.8500000000000085
11101,-0.04000000000000625
11101,-0.3400000000000034
11000,-0.3100000000000023
11000,-0.25
01000,0.5800000000000125
11001,1.1400000000000006
11101,-0.6000000000000085
11001,-0.1799999999999926
11000,0.18999999999999773
11000,0.8999999999999915
11111,-0.28000000000000114
11111,0.13000000000000966
11111,0.7599999999999909
11111,-0.8199999999999932
11010,-0.12999999999999545
11000,0.0
11000,0.22999999999998977
11000,-0.030000000000001137
11000,0.38000000000000966
11001,0.10999999999999943
11001,0.12999999999999545
11001,0.23999999999999488
11101,0.13000000000000966
11101,0.480000000000004
11111,0.45999999999999375
11111,0.14000000000000057
11111,0.20999999999999375
11111,0.7800000000000011
11111,-0.47999999999998977
11110,0.5899999999999892
11111,0.4100000000000108
11111,0.6400000000000006
11111,0.3199999999999932
11111,0.6599999999999966
11111,0.04000000000000625
11111,-0.10000000000000853
11110,-0.5099999999999909
11010,0.4200000000000017
11010,-0.19000000000001194
11010,0.2400000000000091
11010,-2.4000000000000057
00000,-1.5900000000000034
00000,-0.5099999999999909
00000,-0.46999999999999886
00000,0.6700000000000017
00000,0.7199999999999989
00001,-0.710000000000008
00001,-0.3199999999999932
00001,-0.030000000000001137
00001,0.3100000000000023
00001,1.2000000000000028
11101,0.06999999999999318
11101,0.09999999999999432
11101,-0.01999999999999602
11101,-0.8400000000000034
00000,0.6800000000000068
11101,-1.4200000000000017
00000,-1.5400000000000063
00000,-0.20999999999999375
00000,0.06999999999999318
00000,0.4200000000000017
00001,-0.11999999999999034
00001,0.03999999999999204
00001,0.8400000000000034
10101,-0.030000000000001137
10101,-0.789999999999992
00001,0.7799999999999869
10101,0.8300000000000125
11111,-0.5
10111,0.05999999999998806
10111,1.1000000000000085
11111,0.45999999999999375
11111,0.8500000000000085
11111,0.6999999999999886
11111,0.19000000000001194
11111,0.5
11111,0.1699999999999875
11111,0.3300000000000125
11110,-0.10000000000000853
11110,-1.5600000000000023
01010,0.8800000000000097
11110,0.6299999999999955
11110,-1.5
01010,-0.3100000000000023
01010,-0.12000000000000455
01000,0.11000000000001364
01000,-0.3300000000000125
00000,1.0300000000000011
11101,0.39000000000000057
11101,0.5
11101,-0.3199999999999932
11101,-1.6099999999999994
00000,0.18999999999999773
00000,-0.010000000000005116
00000,0.04000000000000625
00000,0.5
11001,0.10999999999999943
11101,0.1599999999999966
11101,0.6099999999999994
11101,-0.7099999999999937
11000,-0.5499999999999972
00000,-0.04000000000000625
00000,0.6899999999999977
11101,-0.01999999999999602
11101,-0.9500000000000028
00000,0.060000000000002274
00000,-0.29000000000000625
00000,-1.3399999999999892
00000,0.22999999999998977
00000,0.4300000000000068
00001,-0.4000000000000057
00001,0.8900000000000006
00101,-0.5900000000000034
00001,-0.7399999999999949
00000,0.8799999999999955
00101,-0.20999999999999375
00101,0.6500000000000057
10101,-0.4000000000000057
00101,-0.29000000000000625
00000,0.5600000000000023
10111,-0.009999999999990905
10111,1.1099999999999994
11111,0.7599999999999909
11111,0.15000000000000568
11111,0.4200000000000017
11111,-0.13000000000000966
11111,-0.3499999999999943
11110,0.04000000000000625
11110,-0.20000000000000284
11110,-0.1599999999999966
11010,0.5899999999999892
11110,-0.0799999999999983
11110,-0.6899999999999977
01010,-1.7099999999999937
00000,0.6999999999999886
00000,0.21999999999999886
00000,-0.06999999999999318
00000,0.29000000000000625
00001,-0.11000000000001364
00001,0.6500000000000057
11101,-0.010000000000005116
11101,0.19000000000001194
11101,-0.8200000000000074
00000,-1.4099999999999966
00000,0.5699999999999932
00000,-0.5599999999999881
00000,-0.05000000000001137
00000,-1.2299999999999898
00000,0.14000000000000057
00000,-0.12000000000000455
00000,0.39000000000000057
00001,-0.6500000000000057
00001,0.9900000000000091
00101,0.12999999999999545
00101,-0.46999999999999886
00101,1.25
11111,0.14999999999999147
11111,0.9300000000000068
11111,-0.23999999999999488
11111,0.4399999999999977
11111,0.1599999999999966
11111,-0.0799999999999983
11110,-0.710000000000008
11110,-0.1799999999999926
01010,0.519999999999996
11110,0.21000000000000796
11110,-0.29000000000000625
11110,1.2800000000000011
11111,1.0400000000000063
11111,-0.37000000000000455
11111,-0.4000000000000057
11110,0.0
11110,-0.6899999999999977
01010,0.5799999999999983
11110,-0.37999999999999545
11010,0.8299999999999983
11111,0.3100000000000023
11111,-0.12000000000000455
11110,-0.3100000000000023
11010,0.020000000000010232
11010,0.1700000000000017
11010,0.04999999999999716
11010,-1.2199999999999989
00000,0.6799999999999926
01000,0.5900000000000034
11101,0.269999999999996
11101,-0.6299999999999955
01000,-1.0300000000000011
00000,-0.7099999999999937
00000,-0.7900000000000063
00000,0.9599999999999937
00001,0.15000000000000568
00001,0.9000000000000057
11101,0.22999999999998977
11101,0.09000000000000341
11101,-0.23999999999999488
11101,0.3499999999999943
11111,-1.2399999999999949
00000,0.1599999999999966
00000,0.45000000000000284
11101,-0.2400000000000091
00000,-0.47999999999998977
00000,-0.6600000000000108
00000,0.030000000000001137
00000,-0.009999999999990905
00000,0.4200000000000017
00001,0.4299999999999926
10101,-0.6799999999999926
00000,1.3499999999999943
11111,-0.21999999999999886
11111,0.3100000000000023
11111,-0.730000000000004
00010,1.1700000000000017
11111,0.15000000000000568
11111,-0.030000000000001137
11111,0.0
11110,-0.1600000000000108
11110,-0.46999999999999886
01010,0.7800000000000011
11111,0.7900000000000063
11111,0.14999999999999147
11111,0.44000000000001194
11111,0.6899999999999977
11111,-0.3400000000000034
11110,-0.0799999999999983
11110,0.28999999999999204
11110,0.7700000000000102
11111,-0.3400000000000034
11110,-1.1800000000000068
01010,-0.4299999999999926
01010,1.0900000000000034
11010,-0.6600000000000108
01000,-0.46999999999999886
01000,0.5200000000000102
11000,0.4099999999999966
11001,-0.2600000000000051
11000,0.2400000000000091
11001,-0.2600000000000051
11000,0.5100000000000051
11101,-1.0600000000000023
00000,-0.3400000000000034
00000,-0.20000000000000284
00000,0.3500000000000085
00001,0.10999999999999943
00001,0.7099999999999937
11101,0.6400000000000006
11101,0.2600000000000051
11111,-0.30000000000001137
11111,-0.21999999999999886
11110,-0.4200000000000017
01010,-0.4399999999999977
00000,-0.009999999999990905
00000,1.1199999999999903
11101,0.2600000000000051
11111,-0.3199999999999932
11111,-0.45000000000000284
01010,0.04999999999999716
01000,-0.12999999999999545
01000,-0.5100000000000051
00000,-0.5799999999999983
00000,0.5799999999999983
00001,0.18999999999999773
00001,0.6599999999999966
11101,0.25
11101,0.21000000000000796
11111,0.04999999999999716
11111,-0.5900000000000034
11010,-0.36999999999999034
00010,-0.6700000000000017
00000,-0.13000000000000966
00000,-0.8599999999999994
00000,-0.009999999999990905
00000,1.0699999999999932
00101,0.2400000000000091
10101,-0.5100000000000051
00001,0.18999999999999773
00101,0.04000000000000625
00101,-0.5200000000000102
00000,-0.01999999999999602
00000,-0.45000000000000284
00000,0.23000000000000398
00001,-0.15000000000000568
00001,-0.7999999999999972
00000,0.28000000000000114
00001,-0.09000000000000341
00001,-0.6099999999999994
00000,-0.4200000000000017
00000,0.25
00001,0.3200000000000074
00101,0.3299999999999983
00101,-0.480000000000004
00001,-0.7099999999999937
00000,-0.7400000000000091
00000,0.2400000000000091
00000,-0.4900000000000091
00000,-0.1699999999999875
00000,-0.15000000000000568
00001,0.9699999999999989
00101,0.710000000000008
10111,-0.5900000000000034
00111,0.29999999999999716
10111,0.15000000000000568
10111,0.25
10111,0.029999999999986926
10111,0.39000000000000057
11111,0.6400000000000006
11111,-0.6299999999999955
11110,0.12000000000000455
11110,0.060000000000002274
11110,-0.05000000000001137
11110,-0.30999999999998806
10110,0.1799999999999926
11110,-0.37000000000000455
00010,0.0
00010,-0.14000000000000057
00010,-0.21999999999999886
00010,-0.6299999999999955
00000,0.030000000000001137
00000,-0.04000000000000625
00000,0.3400000000000034
00001,0.45000000000000284
10101,0.39000000000000057
11111,0.519999999999996
11111,0.269999999999996
11111,-0.46999999999999886
11110,0.3200000000000074
11111,0.3100000000000023
11111,0.1799999999999926
11111,-0.5
11110,0.10999999999999943
11110,-0.22999999999998977
11010,-0.29000000000000625
01010,0.519999999999996
11110,-0.10999999999999943
11010,0.23000000000000398
11111,-0.5900000000000034
00010,-0.04999999999999716
00000,-0.23999999999999488
00000,-0.5100000000000051
00000,-0.15000000000000568
00000,0.29000000000000625
00001,0.4399999999999977
10101,1.4899999999999949
11111,-0.06999999999999318
11111,0.09999999999999432
11111,-0.25
11111,-1.0300000000000011
00010,0.0800000000000125
00010,0.04999999999999716
00000,-0.10999999999999943
00000,1.6700000000000017
11111,0.37999999999999545
11111,-0.2600000000000051
11111,-0.4299999999999926
11110,-2.9000000000000057
00000,0.29000000000000625
00000,-1.0200000000000102
00000,-1.1099999999999994
00000,-1.3999999999999915
00000,1.269999999999996
00001,-0.6099999999999994
00001,0.8200000000000074
00001,1.6199999999999903
10101,-0.45000000000000284
00101,-1.509999999999991
00000,0.6099999999999994
00101,0.3199999999999932
00101,-0.6299999999999955
00001,0.5900000000000034
00101,1.1199999999999903
11111,0.7400000000000091
11111,0.37999999999999545
11111,-0.3100000000000023
11111,-0.06999999999999318
11111,0.09000000000000341
11110,-0.9500000000000028
00010,1.0499999999999972
11111,0.20999999999999375
11111,-0.1699999999999875
11110,0.7399999999999949
11111,-0.29000000000000625
11110,0.7700000000000102
11111,0.44999999999998863
11111,-0.09999999999999432
11110,0.269999999999996
11110,1.0100000000000051
11111,0.23999999999999488
11111,-0.20999999999999375
11110,1.009999999999991
11111,-0.6599999999999966
11110,0.0799999999999983
11110,-0.3499999999999943
11010,0.730000000000004
11110,0.10999999999999943
11110,-0.010000000000005116
11010,0.7800000000000011
11111,0.09999999999999432
11111,0.5500000000000114
11111,0.5599999999999881
11111,0.18000000000000682
11111,0.45000000000000284
11111,0.4099999999999966
11111,-0.25
11110,0.480000000000004
11110,-0.3400000000000034
11010,0.04000000000000625
11010,-0.7800000000000011
11000,0.30999999999998806
11000,0.6200000000000045
11000,0.6500000000000057
11101,-0.09000000000000341
11001,0.9000000000000057
11111,0.9699999999999989
11111,0.7299999999999898
11111,-0.09999999999999432
11111,0.5400000000000063
11111,-0.4100000000000108
11110,0.710000000000008
11110,-0.030000000000001137
11110,0.6199999999999903
11110,-0.06999999999999318
11110,0.6400000000000006
11111,1.1799999999999926
11111,-0.04999999999999716
11111,-0.8599999999999994
11010,0.23000000000000398
11010,-0.769999999999996
11000,1.1400000000000006
11000,0.0899999999999892
11000,-0.8799999999999955
11000,1.1099999999999994
11001,-0.01999999999999602
11000,0.519999999999996
11001,-0.12999999999999545
11000,0.6499999999999915
11101,-0.22999999999998977
11000,-0.75
11000,0.8399999999999892
11001,-0.4099999999999966
11000,-0.29999999999999716
11000,-0.5100000000000051
01000,1.5600000000000023
11101,-0.6899999999999977
11000,0.3299999999999983
11001,-0.5600000000000023
01000,0.6300000000000097
11001,0.39000000000000057
11101,1.1299999999999955
11101,0.010000000000005116
11101,-2.030000000000001
01000,0.6599999999999966
11000,0.8799999999999955
11101,-0.6700000000000017
11000,0.4200000000000017
11001,0.4099999999999966
11101,-0.35999999999999943
11000,0.10999999999999943
11000,-1.3199999999999932
00000,0.04999999999999716
00000,0.4099999999999966
01001,-0.4199999999999875
00000,-3.030000000000001
00000,-1.2000000000000028
00000,0.09000000000000341
00000,-0.3500000000000085
00000,1.4399999999999977
00001,0.6600000000000108
00101,-1.6099999999999994
00001,1.259999999999991
00101,-0.3100000000000023
00101,1.5400000000000063
11101,-2.5
00000,0.7399999999999949
00101,-0.21999999999999886
00001,-2.019999999999996
00000,-2.0700000000000074
00000,-2.280000000000001
00000,2.0900000000000034
00001,0.960000000000008
00101,-1.1400000000000006
00001,0.8599999999999994
00101,1.7099999999999937
10101,0.39000000000000057
10111,-0.7999999999999972
10111,-2.5
00010,2.2099999999999937
10111,-0.1599999999999966
00111,0.21999999999999886
10111,0.4900000000000091
10111,0.7099999999999937
11111,-1.480000000000004
00110,0.27000000000001023
00110,-2.200000000000003
00010,0.6400000000000006
00010,1.519999999999996
10111,0.6099999999999994
11111,1.0700000000000074
11111,0.7099999999999937
11111,0.01999999999999602
11111,2.5900000000000034
11111,-0.25
11111,0.10999999999999943
11111,0.9699999999999989
11111,-0.8299999999999983
11110,-0.2600000000000051
11110,0.7600000000000051
11110,0.3200000000000074
11110,0.2599999999999909
11110,1.0300000000000011
11111,-0.6899999999999977
11110,0.9099999999999966
11110,-0.12999999999999545
11110,2.489999999999995
11111,-0.3199999999999932
11111,0.35999999999999943
11110,0.09000000000000341
11110,0.6499999999999915
11110,0.9200000000000017
11111,-0.8199999999999932
11010,-0.7700000000000102
11010,0.29999999999999716
11010,-0.9599999999999937
01000,-0.3199999999999932
01000,-1.3800000000000097
01000,1.7000000000000028
11001,-0.8199999999999932
01000,0.1699999999999875
01000,0.5900000000000034
11001,1.5
11101,-0.009999999999990905
11101,2.239999999999995
11111,-1.8599999999999994
11010,2.3100000000000023
11111,-0.1600000000000108
11111,1.940000000000012
11111,-3.6300000000000097
01010,-0.519999999999996
01000,-3.3400000000000034
00000,-4.189999999999998
00000,2.700000000000003
00000,-0.6000000000000085
00000,-3.1399999999999864
00000,2.1999999999999886
00001,-2.549999999999997
00000,0.7399999999999949
00001,-2.4599999999999937
00000,0.15000000000000568
00001,-0.4200000000000017
00001,-1.1000000000000085
00001,0.8900000000000006
00001,2.2900000000000063
00101,-1.5499999999999972
00101,1.2800000000000011
00101,-0.8400000000000034
00101,-1.8500000000000085
00000,0.8800000000000097
00101,0.7999999999999972
00111,0.7399999999999949
10111,-0.22999999999998977
10111,-1.8800000000000097
00010,1.8599999999999994
10111,-0.9399999999999977
00110,1.4300000000000068
10111,0.9599999999999937
11111,0.4300000000000068
11111,0.39000000000000057
11111,-0.20000000000000284
11111,1.9899999999999949
11111,1.2000000000000028
11111,-0.23999999999999488
11111,0.5899999999999892
11111,-0.4099999999999966
11110,-1.0799999999999983
11110,-4.640000000000001
00010,-1.2600000000000051
00000,-0.7999999999999972
00000,0.35999999999999943
00000,-0.45999999999999375
00000,0.730000000000004
00001,-0.7000000000000028
00001,-1.3500000000000085
00000,-0.519999999999996
00000,-1.5100000000000051
00000,0.13000000000000966
00001,-1.480000000000004
00000,0.3100000000000023
00001,-1.4000000000000057
00000,0.980000000000004
00001,0.7999999999999972
00101,2.5799999999999983
10101,-0.7000000000000028
10111,0.45000000000000284
10111,0.7600000000000051
10111,-0.28000000000000114
10111,-0.8799999999999955
00110,1.1299999999999955
10111,0.1599999999999966
10111,-1.4399999999999977
00110,-0.04999999999999716
00110,0.6499999999999915
10110,0.8000000000000114
11111,-0.5700000000000074
10110,0.3200000000000074
10110,1.519999999999996
11111,-0.7999999999999972
11110,-0.8200000000000074
00110,0.39000000000000057
11110,-1.4500000000000028
00010,0.7800000000000011
00010,-0.539999999999992
00010,-0.269999999999996
00010,2.529999999999987
11111,0.8400000000000034
11111,-0.6700000000000017
11111,-0.5999999999999943
11110,-2.5
00010,-1.0
00000,-0.5
00000,1.6299999999999955
00001,-1.5
00000,-0.23999999999999488
00000,-1.7900000000000063
00000,2.1300000000000097
00101,-1.3800000000000097
00000,-0.6299999999999955
00000,-1.519999999999996
00000,-3.200000000000003
00000,3.0600000000000023
00001,-2.9099999999999966
00000,-0.46000000000000796
00000,-0.10999999999999943
00001,1.9500000000000028
00101,-0.6899999999999977
00101,-0.9399999999999977
00001,0.37999999999999545
00101,-0.6899999999999977
00001,0.10999999999999943
00101,2.489999999999995
10111,0.9899999999999949
10111,1.0800000000000125
11111,-1.1400000000000006
10111,0.3199999999999932
11111,0.3400000000000034
11111,-1.3400000000000034
00110,0.01999999999999602
00110,-1.4299999999999926
00010,0.6599999999999966
00110,0.7900000000000063
10111,1.7199999999999989
11111,-0.3200000000000074
11111,1.7800000000000011
11111,-0.539999999999992
11111,-0.46000000000000796
11110,-0.539999999999992
11110,1.1199999999999903
11110,-0.03999999999999204
11110,0.1599999999999966
11110,-0.1700000000000017
11110,0.37000000000000455
11110,-0.6200000000000045
11010,0.9099999999999966
11110,0.1700000000000017
11110,0.9699999999999989
11111,-0.7599999999999909
11110,-1.7900000000000063
00010,0.4300000000000068
01000,0.9099999999999966
11101,1.039999999999992
11111,0.3100000000000023
11111,0.09000000000000341
11111,-0.6500000000000057
11010,1.1200000000000045
11111,-0.7399999999999949
11010,0.269999999999996
11110,0.9399999999999977
11111,-1.1499999999999915
11010,-0.18000000000000682
01000,0.5100000000000051
11000,0.8699999999999903
11111,1.0700000000000074
11111,-0.7000000000000028
11110,-1.8299999999999983
01000,-0.12999999999999545
00000,-0.6300000000000097
00000,0.5700000000000074
00000,-1.0900000000000034
00000,0.8799999999999955
00001,1.240000000000009
11101,-0.2400000000000091
11101,0.5300000000000011
11101,-0.25
11101,0.5600000000000023
11111,0.23000000000000398
11111,0.10999999999999943
11111,0.28000000000000114
11111,-0.8800000000000097
11010,0.7000000000000028
11111,0.46000000000000796
11111,0.1599999999999966
11111,-1.4699999999999989
01010,-0.28000000000000114
00000,-1.0600000000000023
00000,-0.15000000000000568
00000,0.7700000000000102
00001,0.25
00001,-0.1700000000000017
00001,0.7399999999999949
11101,0.060000000000002274
11101,0.060000000000002274
11101,0.6299999999999955
11111,-0.75
11010,0.060000000000002274
11010,-0.9399999999999977
00000,0.37999999999999545
00000,0.75
11101,0.6800000000000068
11111,0.12999999999999545
11111,0.0
11111,0.3100000000000023
11111,-1.0100000000000051
01010,0.060000000000002274
01010,-0.7399999999999949
00000,0.5099999999999909
01000,0.09000000000000341
01000,-0.37999999999999545
00000,-0.4000000000000057
00000,-0.46999999999999886
00000,-0.6099999999999994
00000,0.8299999999999983
00001,-0.7399999999999949
00000,-0.6700000000000017
00000,-0.3199999999999932
00000,-0.22000000000001307
00000,0.3500000000000085
00001,0.10999999999999943
00001,1.2000000000000028
10101,-0.9300000000000068
00101,-0.060000000000002274
00101,0.27000000000001023
00101,0.3199999999999932
10111,1.0
11111,-1.0
10110,0.5600000000000023
11111,0.12000000000000455
11111,-0.480000000000004
10110,-1.7000000000000028
00010,-1.0999999999999943
00000,0.3999999999999915
00000,0.14000000000000057
00000,-1.8100000000000023
00000,0.7400000000000091
00000,0.8199999999999932
00101,-1.9599999999999937
00000,0.8299999999999983
00001,-0.8700000000000045
00000,2.0
10101,-3.8799999999999955
00000,1.1099999999999994
00001,-1.3100000000000023
00000,1.8900000000000006
00101,2.6899999999999977
11111,-0.29999999999999716
11111,-0.23000000000000398
11111,0.5400000000000063
11111,0.7999999999999972
11111,-0.1599999999999966
11111,-3.1899999999999977
00010,0.0799999999999983
00010,-0.23000000000000398
00010,-1.8700000000000045
00000,-0.37999999999999545
00000,-4.6200000000000045
00000,-0.8399999999999892
00000,-3.8599999999999994
00000,-1.1000000000000085
00000,-1.9200000000000017
00000,4.030000000000001
00001,-1.0999999999999943
00001,-3.8799999999999955
00000,2.279999999999987
00001,-0.7399999999999949
00001,0.04999999999999716
00101,-3.069999999999993
00000,-4.549999999999997
00000,0.14000000000000057
00000,-3.680000000000007
00000,-2.730000000000004
00000,5.359999999999999
00101,2.6000000000000085
00101,2.539999999999992
10111,-0.4200000000000017
10111,2.200000000000003
10111,2.780000000000001
11111,-2.950000000000003
10111,-2.1400000000000006
00110,1.1800000000000068
10110,-0.7199999999999989
00110,-1.2000000000000028
00110,-4.109999999999999
00010,3.9099999999999966
00111,-1.4200000000000017
00110,-0.5599999999999881
00110,0.12999999999999545
00110,-2.519999999999996
00010,-4.030000000000001
00000,2.8699999999999903
00001,3.8700000000000045
10111,-1.269999999999996
00111,-0.15000000000000568
00111,-0.23999999999999488
00111,-0.09000000000000341
00111,-2.5900000000000034
00010,0.07000000000000739
00010,-0.23000000000000398
00010,-2.219999999999999
00000,0.9000000000000057
00000,1.039999999999992
00111,-1.25
00010,0.8100000000000023
00111,0.1599999999999966
00111,-1.1700000000000017
00110,0.710000000000008
00111,0.5499999999999972
00111,-0.8100000000000023
00111,1.0100000000000051
10111,-1.3599999999999994
00110,0.9899999999999949
00111,0.75
10111,-0.0799999999999983
10111,-0.0799999999999983
10111,-0.1700000000000017
10110,-0.04999999999999716
10110,0.1799999999999926
10110,1.5
11111,2.6500000000000057
11111,0.5
11111,-1.460000000000008
11110,-0.29999999999999716
11110,-1.519999999999996
00010,-2.5600000000000023
00010,-0.21999999999999886
00000,-1.6899999999999977
00000,0.39000000000000057
00000,0.8900000000000006
00001,-0.29000000000000625
00001,-1.480000000000004
00000,0.4700000000000131
00001,-0.4300000000000068
00001,1.3100000000000023
00101,0.6899999999999977
10101,-0.5499999999999972
00101,2.259999999999991
11111,-1.1899999999999977
10111,-0.14000000000000057
10111,-1.3900000000000006
00010,0.9000000000000057
00111,-0.1700000000000017
00110,1.4399999999999977
11111,1.0799999999999983
11111,0.030000000000001137
11111,-2.3799999999999955
00010,0.21999999999999886
00010,0.12999999999999545
00010,1.3800000000000097
11111,-0.6500000000000057
11110,-0.7999999999999972
00010,1.3499999999999943
11111,0.5100000000000051
11111,-0.4099999999999966
11110,1.1899999999999977
11111,2.1599999999999966
11111,-0.35999999999999943
11111,1.0999999999999943
11111,-1.8599999999999994
11110,-1.269999999999996
01010,0.6899999999999977
11010,1.5600000000000023
11111,-1.7199999999999989
01010,0.4399999999999977
11010,-0.45000000000000284
01000,1.190000000000012
11111,-1.460000000000008
01000,0.7800000000000011
11000,0.5600000000000023
11101,0.1599999999999966
11101,0.4300000000000068
11111,-0.45000000000000284
11010,-0.8900000000000006
01000,1.0999999999999943
11101,1.960000000000008
11111,0.09000000000000341
11111,-0.2400000000000091
11111,1.019999999999996
11111,-1.059999999999988
11010,-2.1099999999999994
00010,1.4899999999999949
11000,-0.39000000000000057
01000,2.260000000000005
11111,1.019999999999996
11111,0.10999999999999943
11111,-0.39000000000000057
11110,-0.4899999999999949
11010,1.3900000000000006
11111,-0.35999999999999943
11110,0.3499999999999943
11110,-0.6099999999999994
11010,1.1400000000000006
11111,-0.35999999999999943
11010,-0.5400000000000063
11010,-2.6299999999999955
00000,0.8400000000000034
00000,-0.8400000000000034
00000,1.039999999999992
01001,0.1700000000000017
01001,-0.9899999999999949
00000,-0.1700000000000017
00000,2.0799999999999983
11101,1.490000000000009
11101,1.009999999999991
11111,0.5799999999999983
11111,-0.14999999999999147
11111,0.21999999999999886
11111,0.37999999999999545
11111,0.960000000000008
11111,-2.1099999999999994
11010,-0.6099999999999994
01010,-1.7900000000000063
00000,0.769999999999996
01000,-1.2800000000000011
00000,2.1099999999999994
11001,0.2600000000000051
11101,0.0799999999999983
11101,-0.04999999999999716
11001,1.5900000000000034
11101,-0.27000000000001023
11111,0.7800000000000011
11111,-0.1700000000000017
11111,1.990000000000009
11111,0.3199999999999932
11111,1.1300000000000097
11111,0.1599999999999966
11111,-2.1200000000000045
11010,1.5799999999999983
11110,0.27000000000001023
11110,-0.060000000000002274
11110,-0.04999999999999716
11010,0.29999999999999716
11010,0.03999999999999204
11010,-0.5
11010,-1.769999999999996
01000,-1.3599999999999994
00000,-0.3100000000000023
00000,0.6400000000000006
00000,-0.45999999999999375
00000,-1.7700000000000102
00000,-0.1799999999999926
00000,-0.21999999999999886
00000,0.46999999999999886
00001,-0.5900000000000034
00001,0.5799999999999983
00001,-0.1700000000000017
00001,1.1600000000000108
10101,-1.6000000000000085
00001,0.2400000000000091
00001,-0.46000000000000796
00001,-0.9000000000000057
00000,-1.759999999999991
00000,0.4200000000000017
00000,-0.6500000000000057
00000,1.3900000000000006
00101,1.7900000000000063
10101,2.1799999999999926
11111,-0.6700000000000017
11111,0.46999999999999886
11111,0.6400000000000006
11111,-0.21999999999999886
11111,0.2600000000000051
11111,2.019999999999996
11111,0.29000000000000625
11111,0.46999999999999886
11111,-0.5499999999999972
11110,-0.18000000000000682
11110,0.9500000000000028
11110,-0.3500000000000085
11110,1.5100000000000051
11111,-0.5900000000000034
11110,-0.04999999999999716
11110,-0.14000000000000057
11010,1.480000000000004
11111,-0.8700000000000045
11010,-2.049999999999997
01010,1.0400000000000063
11000,-0.46999999999999886
01000,-1.480000000000004
00000,-0.9500000000000028
00000,0.6899999999999977
00000,-0.12999999999999545
00000,0.8100000000000023
01001,0.5099999999999909
11101,0.7199999999999989
11101,-1.2199999999999989
00000,-0.75
00000,0.060000000000002274
00000,-0.269999999999996
00000,-0.5499999999999972
00000,-0.9900000000000091
00000,-0.6999999999999886
00000,0.5899999999999892
00001,1.5200000000000102
10101,0.7999999999999972
11101,-0.7000000000000028
10101,-0.3400000000000034
00101,-0.1799999999999926
00001,-1.1099999999999994
00000,-0.09000000000000341
00000,0.9599999999999937
00101,0.37000000000000455
10101,0.29000000000000625
11111,-0.1600000000000108
10111,-0.11999999999999034
10111,-0.060000000000002274
10111,-0.28000000000000114
00010,-1.1700000000000017
00000,-1.4599999999999937
00000,0.1699999999999875
00000,0.5500000000000114
00001,0.8499999999999943
00101,-1.1400000000000006
00000,0.1700000000000017
00001,0.7399999999999949
00101,0.18000000000000682
10101,-0.3299999999999983
00111,0.5099999999999909
10111,1.9500000000000028
11111,0.8200000000000074
11111,0.06999999999999318
11111,0.4099999999999966
11111,0.3200000000000074
11111,-0.030000000000001137
11110,0.45000000000000284
11110,-1.5200000000000102
11010,0.7000000000000028
11110,-0.060000000000002274
11110,0.38000000000000966
11110,-1.2900000000000063
01010,-0.030000000000001137
01010,-2.269999999999996
00000,1.7399999999999949
00000,-2.3900000000000006
00000,0.5
00000,0.9500000000000028
00001,0.6599999999999966
10101,-0.28999999999999204
00001,-1.4099999999999966
00000,1.5499999999999972
10101,0.3499999999999943
11101,0.35999999999999943
11101,-0.3400000000000034
11111,-0.18999999999999773
11111,-0.4099999999999966
00010,-0.0799999999999983
00000,-0.20999999999999375
00000,-1.0200000000000102
00000,-0.47999999999998977
00000,1.0799999999999983
00001,-0.6600000000000108
00000,-0.06999999999999318
00000,-1.8100000000000023
00000,-0.20999999999999375
00000,0.20999999999999375
00000,1.1099999999999994
00101,0.29000000000000625
00101,0.39000000000000057
10101,1.9799999999999898
11111,-0.37999999999999545
11111,-2.019999999999996
00010,0.1799999999999926
00010,0.5900000000000034
10111,0.15000000000000568
11111,-0.3299999999999983
00110,0.7399999999999949
11111,0.12000000000000455
11111,-0.5800000000000125
10110,0.7400000000000091
11111,1.1499999999999915
11111,0.960000000000008
11111,0.5099999999999909
11111,-0.13999999999998636
11111,0.009999999999990905
11110,0.6400000000000006
11111,0.3200000000000074
11110,-0.5900000000000034
11110,0.8299999999999983
11110,0.3499999999999943
11110,-0.47999999999998977
11110,1.0799999999999983
11111,0.8100000000000023
11111,-0.3300000000000125
11110,-0.7599999999999909
11010,-1.480000000000004
01010,1.0
11000,0.480000000000004
11000,-0.8500000000000085
01000,0.23000000000000398
11000,-0.12000000000000455
01000,-1.1499999999999915
00000,-1.269999999999996
00000,-0.9900000000000091
00000,0.35999999999999943
00000,-0.9200000000000017
00000,0.10999999999999943
00000,-0.14000000000000057
00001,0.0800000000000125
00001,1.039999999999992
00101,0.0
00101,0.12999999999999545
00101,-2.7299999999999898
00000,0.6400000000000006
00000,-0.5300000000000011
00000,1.1299999999999955
00101,0.5799999999999983
10101,0.8200000000000074
11101,0.06999999999999318
11111,0.20000000000000284
11111,0.6899999999999977
11111,0.710000000000008
11111,0.47999999999998977
11111,0.4100000000000108
11111,-0.6500000000000057
11110,-2.030000000000001
00010,0.1599999999999966
00010,-1.5999999999999943
00000,0.6299999999999955
00000,0.9699999999999989
00101,0.2600000000000051
11101,-0.07000000000000739
11101,0.6000000000000085
11111,1.3400000000000034
11111,0.23999999999999488
11111,-0.25
11111,0.6400000000000006
11111,0.04999999999999716
11111,0.5
11111,-0.03999999999999204
11110,0.23999999999999488
11110,0.3199999999999932
11110,-0.21999999999999886
11110,-0.09999999999999432
11110,-0.6099999999999994
11010,0.5300000000000011
11010,0.9299999999999926
11111,0.6700000000000017
11111,-0.46999999999999886
11110,0.480000000000004
11111,0.3499999999999943
11111,1.1000000000000085
11111,0.9799999999999898
11111,0.5200000000000102
11111,0.6299999999999955
11111,-0.5
11110,-0.8499999999999943
11010,0.3499999999999943
11010,-0.3200000000000074
11010,0.1600000000000108
11010,0.060000000000002274
11000,0.30999999999998806
11000,-0.5099999999999909
11000,-1.980000000000004
00000,0.1599999999999966
00000,2.3100000000000023
11101,-0.14999999999999147
11001,0.25
11101,0.6199999999999903
11101,-0.20999999999999375
11101,-2.219999999999999
00000,1.519999999999996
11001,0.4000000000000057
11001,-1.0700000000000074
01000,1.0
11001,-1.2600000000000051
00000,-1.2199999999999989
00000,-4.959999999999994
00000,1.5499999999999972
00000,3.549999999999997
10101,-0.4399999999999977
00101,0.5700000000000074
10101,-0.3400000000000034
00101,-1.4899999999999949
00000,0.1799999999999926
00001,-0.8599999999999994
00000,-0.9599999999999937
00000,-4.050000000000011
00000,1.1600000000000108
00000,0.01999999999999602
00001,-0.46999999999999886
00001,-0.480000000000004
00001,2.799999999999997
00101,-0.35999999999999943
00101,0.9399999999999977
10101,-1.1499999999999915
00101,2.489999999999995
11111,0.37000000000000455
11111,-2.6899999999999977
00010,-0.21999999999999886
00010,1.1299999999999955
10111,0.09999999999999432
10111,1.2600000000000051
11111,0.030000000000001137
11111,-0.12000000000000455
11111,0.6099999999999994
11111,0.09000000000000341
11111,-0.769999999999996
11110,0.3100000000000023
11110,0.14999999999999147
11110,-0.980000000000004
00010,-1.5699999999999932
00010,-0.46999999999999886
00000,0.21999999999999886
00000,0.10999999999999943
00000,-2.3700000000000045
00000,-0.7800000000000011
00000,-0.45999999999999375
00000,0.0
00000,-0.09999999999999432
00001,0.3999999999999915
00001,0.7999999999999972
00101,1.0200000000000102
10101,0.9699999999999989
11111,-0.3200000000000074
10111,0.6400000000000006
11111,-0.46999999999999886
10111,-1.4500000000000028
00010,-2.0
00010,0.04000000000000625
00000,1.6299999999999955
00101,-0.8299999999999983
00000,0.8599999999999994
00111,0.4200000000000017
10111,-0.0799999999999983
10111,0.6899999999999977
11111,-0.7199999999999989
10110,-0.5100000000000051
00110,0.35999999999999943
00110,0.5400000000000063
10111,-0.730000000000004
00110,0.8700000000000045
11111,-0.269999999999996
10110,-1.3500000000000085
00010,0.5499999999999972
00010,-0.7999999999999972
00010,-1.3299999999999983
00000,0.8799999999999955
00000,0.45000000000000284
00101,-1.0300000000000011
00000,1.0700000000000074
00101,0.10999999999999943
10101,-0.9300000000000068
00000,-0.35999999999999943
00000,-0.7299999999999898
00000,-1.9000000000000057
00000,0.7099999999999937
00000,0.10000000000000853
00001,1.2299999999999898
00101,-1.269999999999996
00001,-0.8299999999999983
00000,1.3700000000000045
00101,-0.3100000000000023
00101,1.1700000000000017
10111,0.09999999999999432
10111,-1.289999999999992
00110,0.8499999999999943
10111,0.10999999999999943
10111,0.3100000000000023
10111,0.15000000000000568
11111,-0.6000000000000085
00110,2.6400000000000006
11111,0.09000000000000341
11111,-0.37000000000000455
11111,0.15000000000000568
11110,-0.5100000000000051
11110,-0.8599999999999994
01010,-0.4399999999999977
00010,0.5699999999999932
11010,-0.18999999999999773
00010,-0.5099999999999909
00010,-0.4000000000000057
00000,0.1700000000000017
00000,0.46999999999999886
00001,-0.15000000000000568
00001,0.37000000000000455
11101,0.12000000000000455
11101,-1.0400000000000063
00000,0.1599999999999966
00000,-0.1599999999999966
00000,-0.04999999999999716
00000,0.6099999999999994
10101,-0.39000000000000057
00001,-0.6700000000000017
00000,-0.5699999999999932
00000,-0.9100000000000108
00000,0.35999999999999943
00000,-0.1799999999999926
00000,0.06999999999999318
00001,0.010000000000005116
00001,0.25
00101,-0.010000000000005116
00101,-0.12999999999999545
00101,-0.4399999999999977
00000,0.4099999999999966
00101,0.6000000000000085
10111,0.7299999999999898
11111,-0.12999999999999545
11111,0.7600000000000051
11111,-0.4100000000000108
11111,0.23000000000000398
11111,1.1200000000000045
11111,0.0
11111,-0.5499999999999972
11110,0.6299999999999955
11111,-0.7999999999999972
11010,-0.29999999999999716
01010,0.7099999999999937
11110,0.060000000000002274
11110,-0.1700000000000017
11110,-0.6400000000000006
01010,1.4899999999999949
11111,0.14000000000000057
11111,-0.37999999999999545
11110,0.29000000000000625
11110,-1.190000000000012
00010,1.3000000000000114
11111,0.7399999999999949
11111,-1.1200000000000045
11010,-0.25
01010,0.3299999999999983
11000,0.6400000000000006
11111,-0.28999999999999204
11010,0.2599999999999909
11111,-0.3299999999999983
11010,0.3200000000000074
11111,0.7399999999999949
11111,-0.4200000000000017
11110,-0.5600000000000023
01000,-0.47999999999998977
00000,-0.10000000000000853
00000,0.13000000000000966
00000,-0.30000000000001137
00000,0.1600000000000108
00000,-0.060000000000002274
00001,0.04999999999999716
00001,-0.6899999999999977
00000,-0.060000000000002274
00000,-0.09999999999999432
00000,0.8499999999999943
11101,-0.1599999999999966
00101,1.4399999999999977
11111,0.010000000000005116
11111,0.11999999999999034
11111,-0.45999999999999375
11110,0.8199999999999932
11111,0.10000000000000853
11111,-0.4000000000000057
11110,0.09000000000000341
11110,-0.04999999999999716
11110,-0.4900000000000091
01010,-0.8999999999999915
00000,0.789999999999992
01000,-0.21999999999999886
00000,0.0799999999999983
01000,-0.5499999999999972
00000,0.18000000000000682
00000,0.7199999999999989
11101,-1.3299999999999983
00000,-0.19000000000001194
00000,0.1700000000000017
00000,0.5400000000000063
00101,-0.25
00001,0.8299999999999983
11101,-0.04000000000000625
11101,-0.36999999999999034
10101,0.060000000000002274
11111,0.7599999999999909
11111,0.960000000000008
11111,-0.25
11111,0.4099999999999966
11111,0.21999999999999886
11111,-0.3100000000000023
11110,-0.3299999999999983
11010,0.3100000000000023
11110,-0.9699999999999989
01010,-0.2600000000000051
00000,-0.09000000000000341
00000,0.1600000000000108
00000,0.7099999999999937
11101,-0.12000000000000455
11101,0.10999999999999943
11101,0.6200000000000045
11111,-0.010000000000005116
11111,-0.20999999999999375
11110,0.5699999999999932
11111,0.3500000000000085
11111,-0.4099999999999966
11110,-0.75
01010,-0.44000000000001194
00000,-1.8599999999999994
00000,-1.6299999999999955
00000,-0.3400000000000034
00000,1.8299999999999983
00001,0.9700000000000131
10101,-0.22000000000001307
00101,-0.1699999999999875
00101,0.47999999999998977
10101,0.09000000000000341
10101,0.5799999999999983
11111,1.0400000000000063
11111,0.7299999999999898
11111,0.3500000000000085
11111,1.5300000000000011
11111,-0.29999999999999716
11111,1.0999999999999943
11111,1.0
11111,-0.4200000000000017
11110,0.01999999999999602
11110,-0.11999999999999034
11110,-1.6899999999999977
01010,0.23999999999999488
11010,-0.18999999999999773
01010,-0.3100000000000023
01000,-0.8700000000000045
00000,0.6599999999999966
01000,0.28000000000000114
01000,-0.6799999999999926
01000,-0.10000000000000853
00000,-0.11999999999999034
00000,-0.04999999999999716
00000,0.75
11001,-0.7000000000000028
00000,-0.04999999999999716
00001,-0.21999999999999886
00000,-0.4900000000000091
00000,-0.8900000000000006
00000,-1.269999999999996
00000,0.5
00000,0.18999999999999773
00001,0.960000000000008
00101,-0.20000000000000284
00101,-0.15000000000000568
00001,-0.7199999999999989
00000,-0.5100000000000051
00000,0.8100000000000023
00101,0.4099999999999966
10101,0.25
10101,-0.4099999999999966
00111,-0.09999999999999432
00111,0.03999999999999204
00111,-0.04999999999999716
00111,-0.730000000000004
00000,-0.3299999999999983
00000,0.030000000000001137
00000,1.3400000000000034
11111,-1.2199999999999989
00000,-0.04000000000000625
00000,-0.8199999999999932
00000,-0.3499999999999943
00000,0.46999999999999886
00001,-0.6099999999999994
00000,0.9799999999999898
00101,-0.45999999999999375
00101,0.04999999999999716
00101,0.9200000000000017
10111,-0.35999999999999943
10111,-0.5900000000000034
00010,-0.4399999999999977
00010,0.20999999999999375
00010,0.6200000000000045
10111,0.010000000000005116
10111,-0.29000000000000625
00110,-0.6700000000000017
00010,0.4300000000000068
00111,0.5999999999999943
10111,0.7000000000000028
11111,0.3499999999999943
11111,0.6600000000000108
11111,-0.21999999999999886
11111,0.11999999999999034
11111,-0.37999999999999545
11110,0.9000000000000057
11111,-0.8200000000000074
11110,-1.0100000000000051
00010,-0.8099999999999881
00010,0.3399999999999892
00000,0.010000000000005116
00000,0.4099999999999966
00001,-0.45999999999999375
00000,0.9200000000000017
11101,-0.14000000000000057
11101,-0.15000000000000568
10101,-0.37999999999999545
00000,0.09000000000000341
00000,-0.12000000000000455
00000,-0.46999999999999886
00000,-0.3400000000000034
00000,-1.1700000000000017
00000,0.04000000000000625
00000,-0.39000000000000057
00000,-0.20000000000000284
00000,0.35999999999999943
00001,-0.20000000000000284
00001,-2.0
00000,0.4200000000000017
00000,-1.3499999999999943
00000,0.6899999999999977
00001,-0.4399999999999977
00001,0.8900000000000006
00101,-0.2600000000000051
00101,-0.09000000000000341
00101,-0.75
00001,0.04999999999999716
00001,0.15000000000000568
00101,0.0799999999999983
00101,0.37000000000000455
00111,0.3999999999999915
10111,-0.3999999999999915
00111,0.6499999999999915
10111,-0.19999999999998863
10111,-0.04000000000000625
10111,0.39000000000000057
10111,-0.6899999999999977
00110,-0.4200000000000017
00010,0.7199999999999989
10111,0.0799999999999983
10111,-0.09000000000000341
10110,-0.6099999999999994
00010,0.020000000000010232
00110,0.1599999999999966
00110,-0.5300000000000011
00010,0.5100000000000051
00111,0.5599999999999881
11111,-1.1099999999999994
00010,-0.3299999999999983
00010,-1.2199999999999989
00000,-2.069999999999993
00000,0.6400000000000006
00000,0.03999999999999204
00000,0.8800000000000097
00101,-1.1800000000000068
00000,0.04999999999999716
00001,-0.5799999999999983
00000,-0.9500000000000028
00000,0.3400000000000034
00001,0.7800000000000011
00101,-0.010000000000005116
00101,0.12000000000000455
00101,0.8200000000000074
10111,-0.39000000000000057
00111,1.559999999999988
11111,-0.5999999999999943
10111,1.0600000000000023
11111,-1.3100000000000023
10110,0.6200000000000045
11111,-0.37000000000000455
10110,0.28000000000000114
11110,-0.18999999999999773
10110,0.3999999999999915
11110,-1.0799999999999983
00010,1.1700000000000017
11111,0.8100000000000023
11111,-0.4099999999999966
11110,1.8699999999999903
11111,-1.269999999999996
11110,0.04999999999999716
11110,0.5600000000000023
11110,-0.5900000000000034
11110,0.19000000000001194
11110,-0.09000000000000341
11010,-0.9900000000000091
00010,0.3300000000000125
01010,-0.060000000000002274
01000,-0.4200000000000017
00000,-0.4000000000000057
00000,-0.20000000000000284
00000,-0.45999999999999375
00000,0.09000000000000341
00000,-0.8900000000000006
00000,0.14999999999999147
00000,-0.36999999999999034
00000,-0.10999999999999943
00001,0.5099999999999909
00001,1.2000000000000028
11101,0.1700000000000017
11101,0.6800000000000068
11111,0.4199999999999875
11111,-0.05999999999998806
11111,-0.020000000000010232
11111,0.4100000000000108
11111,0.04999999999999716
11111,-1.1099999999999994
01010,0.29999999999999716
11010,-0.29999999999999716
01010,-0.45000000000000284
00010,-0.3500000000000085
00000,0.14000000000000057
00000,-0.25
00000,0.1700000000000017
00000,0.45000000000000284
10101,0.480000000000004
11101,0.519999999999996
11111,-0.030000000000001137
11111,-0.3499999999999943
11110,0.1700000000000017
11111,-0.3400000000000034
11010,0.030000000000001137
11010,-0.6299999999999955
00000,0.4399999999999977
01000,-0.1600000000000108
00000,-0.11999999999999034
00000,-0.7400000000000091
00000,0.18000000000000682
00000,0.5499999999999972
00101,-0.18999999999999773
00001,-0.0799999999999983
00001,-0.14000000000000057
00000,0.1700000000000017
00101,0.28000000000000114
11101,0.28999999999999204
11111,0.29999999999999716
11111,-0.23999999999999488
11111,0.3299999999999983
11111,0.6500000000000057
11111,0.3999999999999915
11111,-0.06999999999999318
11111,-0.7600000000000051
11010,-0.3299999999999983
01010,-0.10999999999999943
01010,0.21999999999999886
01010,-0.04999999999999716
01010,0.75
11111,-0.1700000000000017
11111,0.3200000000000074
11111,0.1799999999999926
11111,0.6800000000000068
11111,-0.46000000000000796
11110,0.01999999999999602
11110,0.9400000000000119
11111,-0.07000000000000739
11111,0.730000000000004
11111,0.6099999999999994
11111,0.35999999999999943
11111,-0.18999999999999773
11110,0.3400000000000034
11110,-0.13000000000000966
11110,0.9699999999999989
11111,-0.46999999999999886
11110,0.15000000000000568
11110,1.1400000000000006
11111,0.25
11111,0.5099999999999909
11111,-0.75
11010,-1.279999999999987
01010,0.5299999999999869
11000,1.0700000000000074
11111,0.9000000000000057
11111,-0.3400000000000034
11110,1.0600000000000023
11111,0.47999999999998977
11111,-0.18999999999999773
11110,-0.09999999999999432
11110,0.28000000000000114
11110,0.0
11010,-0.28000000000000114
11010,-1.480000000000004
01000,-0.04999999999999716
01000,0.9699999999999989
11000,0.0
11000,-0.519999999999996
01000,-0.3200000000000074
01000,0.3500000000000085
01001,-0.2600000000000051
01000,0.7000000000000028
11001,-0.730000000000004
01000,0.09000000000000341
01001,-1.0700000000000074
00000,-0.09999999999999432
00000,-1.3299999999999983
00000,0.1599999999999966
00000,0.769999999999996
00001,-0.29999999999999716
00001,-0.5300000000000011
00001,1.1700000000000017
10101,0.3200000000000074
11101,-0.010000000000005116
11101,0.20999999999999375
11101,-0.2599999999999909
10101,0.47999999999998977
11111,0.3400000000000034
11111,-0.46999999999999886
11110,-0.4099999999999966
00010,-0.980000000000004
00000,0.37000000000000455
00000,0.0
00000,-0.12000000000000455
00000,-0.9099999999999966
00000,0.23000000000000398
00000,-0.46999999999999886
00000,-0.5200000000000102
00000,0.3100000000000023
00001,0.15000000000000568
00001,-0.3299999999999983
00001,0.0799999999999983
00001,-0.30000000000001137
00001,-1.5699999999999932
00000,-0.480000000000004
00000,0.6600000000000108
00001,0.36999999999999034
00101,-0.789999999999992
00001,0.0
00001,-0.18000000000000682
00001,0.269999999999996
00101,0.10999999999999943
00101,-0.9599999999999937
00000,-0.9000000000000057
00000,-0.8799999999999955
00000,0.37999999999999545
00000,0.4900000000000091
00101,1.2000000000000028
10101,0.4399999999999977
10111,-0.29000000000000625
10111,-0.18999999999999773
10111,0.4399999999999977
10111,-0.29999999999999716
10111,0.4099999999999966
10111,-0.6899999999999977
00110,0.3400000000000034
10110,0.3299999999999983
10111,0.5699999999999932
11111,-0.0899999999999892
11111,0.4399999999999977
11111,-1.0799999999999983
00010,0.25
10110,0.11999999999999034
11110,-0.8799999999999955
00010,1.6500000000000057
11111,-0.38000000000000966
11111,0.6600000000000108
11111,0.0
11111,-0.020000000000010232
11110,-0.5899999999999892
11010,-0.1700000000000017
01010,-0.35999999999999943
00010,0.519999999999996
11110,-0.4000000000000057
00010,0.27000000000001023
11010,-0.39000000000000057
00000,0.3999999999999915
11101,-0.0799999999999983
01001,0.010000000000005116
11001,-0.4900000000000091
00000,-0.5599999999999881
00000,-0.4300000000000068
00000,0.45000000000000284
00001,0.45999999999999375
00101,0.730000000000004
11101,-0.12000000000000455
11111,-0.1799999999999926
11111,0.11999999999999034
11111,-0.3299999999999983
00010,0.75
11111,-0.14999999999999147
11111,0.5799999999999983
11111,0.01999999999999602
11111,0.45000000000000284
11111,-0.3499999999999943
11110,-0.07000000000000739
11110,0.480000000000004
11111,0.45000000000000284
11111,0.6099999999999994
11111,0.05999999999998806
11111,-0.14999999999999147
11110,-0.15000000000000568
11110,-0.9399999999999977
01010,-0.23999999999999488
01010,0.3100000000000023
01000,0.14999999999999147
11000,-0.009999999999990905
11000,0.0899999999999892
11000,-0.3199999999999932
01000,0.23999999999999488
11001,-0.09999999999999432
01000,0.1599999999999966
11001,-0.39000000000000057
00000,1.0999999999999943
11101,-0.2599999999999909
11101,0.09000000000000341
11111,-0.1600000000000108
11000,-0.14999999999999147
11000,0.23999999999999488
11101,0.6400000000000006
11111,0.10999999999999943
11111,0.12000000000000455
11111,-0.46999999999999886
11010,-0.30000000000001137
01010,-0.09999999999999432
01000,-0.45000000000000284
00000,-0.20999999999999375
00000,-0.46999999999999886
00000,0.2599999999999909
00000,0.20000000000000284
00001,0.060000000000002274
00001,0.010000000000005116
00001,0.06999999999999318
00001,0.5600000000000023
11101,0.37999999999999545
11111,-0.22999999999998977
11111,-0.18000000000000682
11111,-0.3499999999999943
00010,0.39000000000000057
11111,0.0
11111,0.1799999999999926
11111,-0.23999999999999488
11010,0.730000000000004
11111,-0.2400000000000091
11111,-0.6200000000000045
00010,0.7200000000000131
11111,-0.10999999999999943
11111,-0.14000000000000057
11010,0.39000000000000057
11111,-0.9200000000000017
00000,-0.07000000000000739
00000,-0.060000000000002274
00000,0.1700000000000017
00000,0.5700000000000074
11101,0.44999999999998863
11111,-0.2599999999999909
11111,0.3999999999999915
11111,-0.7199999999999989
01010,-0.8199999999999932
00000,-0.04999999999999716
00000,0.09999999999999432
00000,-0.29999999999999716
00000,0.75
10101,1.0999999999999943
11101,0.21999999999999886
11111,0.4200000000000017
11111,0.23000000000000398
11111,0.8700000000000045
11111,-0.07000000000000739
11111,0.35999999999999943
11111,-0.46999999999999886
11110,0.01999999999999602
11110,0.07000000000000739
11110,0.03999999999999204
11110,0.21000000000000796
11110,-0.29999999999999716
11010,-0.1700000000000017
11010,0.6599999999999966
11111,-0.030000000000001137
11110,0.18000000000000682
11110,0.18999999999999773
11111,0.1799999999999926
11111,0.9000000000000057
11111,0.37000000000000455
11111,-0.2600000000000051
11110,0.5799999999999983
11111,0.18000000000000682
11111,-0.05000000000001137
11110,0.060000000000002274
11110,-0.6099999999999994
11010,0.7199999999999989
11110,-0.12999999999999545
11010,0.7000000000000028
11111,0.39000000000000057
11111,-0.21999999999999886
11110,0.45999999999999375
11111,1.8799999999999955
11111,-0.29999999999999716
11111,0.9399999999999977
11111,-0.23999999999999488
11110